Pod_name,Job_name,Job_submit,Pod_create,Pod_start,Pod_end,Pod_wait_create,Pod_wait_run,Pod_wait_total,Pod_running_time,Pod_total_time,Running node,Requests_memory,Limits_memory,Requests_cpu,Limits_cpu,Requests_gpu,Limits_gpu
default-large-test-job-0-large-test-task-0,large-test-job-0,0001-01-01 00:00:01,0001-01-01 00:00:01,0001-01-01 00:00:01,0001-01-01 00:00:53,0.0,0.0,0.0,52.0,52.0,k8s-worker-141,500m,600m,1000Mi,1500Mi,1,1
default-large-test-job-0-large-test-task-1,large-test-job-0,0001-01-01 00:00:01,0001-01-01 00:00:01,0001-01-01 00:00:01,0001-01-01 00:00:55,0.0,0.0,0.0,54.0,54.0,k8s-worker-141,500m,600m,1000Mi,1500Mi,1,1
default-large-test-job-0-large-test-task-10,large-test-job-0,0001-01-01 00:00:01,0001-01-01 00:00:01,0001-01-01 00:00:01,0001-01-01 00:00:53,0.0,0.0,0.0,52.0,52.0,k8s-worker-369,500m,600m,1000Mi,1500Mi,1,1
default-large-test-job-0-large-test-task-100,large-test-job-0,0001-01-01 00:00:01,0001-01-01 00:00:01,0001-01-01 00:00:01,0001-01-01 00:00:53,0.0,0.0,0.0,52.0,52.0,k8s-worker-265,500m,600m,1000Mi,1500Mi,1,1
default-large-test-job-0-large-test-task-101,large-test-job-0,0001-01-01 00:00:01,0001-01-01 00:00:01,0001-01-01 00:00:01,0001-01-01 00:00:55,0.0,0.0,0.0,54.0,54.0,k8s-worker-265,500m,600m,1000Mi,1500Mi,1,1
default-large-test-job-0-large-test-task-102,large-test-job-0,0001-01-01 00:00:01,0001-01-01 00:00:01,0001-01-01 00:00:01,0001-01-01 00:00:55,0.0,0.0,0.0,54.0,54.0,k8s-worker-193,500m,600m,1000Mi,1500Mi,1,1
default-large-test-job-0-large-test-task-103,large-test-job-0,0001-01-01 00:00:01,0001-01-01 00:00:01,0001-01-01 00:00:01,0001-01-01 00:00:53,0.0,0.0,0.0,52.0,52.0,k8s-worker-193,500m,600m,1000Mi,1500Mi,1,1
default-large-test-job-0-large-test-task-104,large-test-job-0,0001-01-01 00:00:01,0001-01-01 00:00:01,0001-01-01 00:00:01,0001-01-01 00:00:53,0.0,0.0,0.0,52.0,52.0,k8s-worker-1,500m,600m,1000Mi,1500Mi,1,1
default-large-test-job-0-large-test-task-105,large-test-job-0,0001-01-01 00:00:01,0001-01-01 00:00:01,0001-01-01 00:00:01,0001-01-01 00:00:55,0.0,0.0,0.0,54.0,54.0,k8s-worker-1,500m,600m,1000Mi,1500Mi,1,1
default-large-test-job-0-large-test-task-106,large-test-job-0,0001-01-01 00:00:01,0001-01-01 00:00:01,0001-01-01 00:00:01,0001-01-01 00:00:55,0.0,0.0,0.0,54.0,54.0,k8s-worker-325,500m,600m,1000Mi,1500Mi,1,1
default-large-test-job-0-large-test-task-107,large-test-job-0,0001-01-01 00:00:01,0001-01-01 00:00:01,0001-01-01 00:00:01,0001-01-01 00:00:53,0.0,0.0,0.0,52.0,52.0,k8s-worker-325,500m,600m,1000Mi,1500Mi,1,1
default-large-test-job-0-large-test-task-108,large-test-job-0,0001-01-01 00:00:01,0001-01-01 00:00:01,0001-01-01 00:00:01,0001-01-01 00:00:53,0.0,0.0,0.0,52.0,52.0,k8s-worker-421,500m,600m,1000Mi,1500Mi,1,1
default-large-test-job-0-large-test-task-109,large-test-job-0,0001-01-01 00:00:01,0001-01-01 00:00:01,0001-01-01 00:00:01,0001-01-01 00:00:55,0.0,0.0,0.0,54.0,54.0,k8s-worker-421,500m,600m,1000Mi,1500Mi,1,1
default-large-test-job-0-large-test-task-11,large-test-job-0,0001-01-01 00:00:01,0001-01-01 00:00:01,0001-01-01 00:00:01,0001-01-01 00:00:55,0.0,0.0,0.0,54.0,54.0,k8s-worker-369,500m,600m,1000Mi,1500Mi,1,1
default-large-test-job-0-large-test-task-110,large-test-job-0,0001-01-01 00:00:01,0001-01-01 00:00:01,0001-01-01 00:00:01,0001-01-01 00:00:53,0.0,0.0,0.0,52.0,52.0,k8s-worker-493,500m,600m,1000Mi,1500Mi,1,1
default-large-test-job-0-large-test-task-111,large-test-job-0,0001-01-01 00:00:01,0001-01-01 00:00:01,0001-01-01 00:00:01,0001-01-01 00:00:55,0.0,0.0,0.0,54.0,54.0,k8s-worker-493,500m,600m,1000Mi,1500Mi,1,1
default-large-test-job-0-large-test-task-112,large-test-job-0,0001-01-01 00:00:01,0001-01-01 00:00:01,0001-01-01 00:00:01,0001-01-01 00:00:53,0.0,0.0,0.0,52.0,52.0,k8s-worker-433,500m,600m,1000Mi,1500Mi,1,1
default-large-test-job-0-large-test-task-113,large-test-job-0,0001-01-01 00:00:01,0001-01-01 00:00:01,0001-01-01 00:00:01,0001-01-01 00:00:55,0.0,0.0,0.0,54.0,54.0,k8s-worker-433,500m,600m,1000Mi,1500Mi,1,1
default-large-test-job-0-large-test-task-114,large-test-job-0,0001-01-01 00:00:01,0001-01-01 00:00:01,0001-01-01 00:00:01,0001-01-01 00:00:53,0.0,0.0,0.0,52.0,52.0,k8s-worker-349,500m,600m,1000Mi,1500Mi,1,1
default-large-test-job-0-large-test-task-115,large-test-job-0,0001-01-01 00:00:01,0001-01-01 00:00:01,0001-01-01 00:00:01,0001-01-01 00:00:55,0.0,0.0,0.0,54.0,54.0,k8s-worker-349,500m,600m,1000Mi,1500Mi,1,1
default-large-test-job-0-large-test-task-116,large-test-job-0,0001-01-01 00:00:01,0001-01-01 00:00:01,0001-01-01 00:00:01,0001-01-01 00:00:55,0.0,0.0,0.0,54.0,54.0,k8s-worker-337,500m,600m,1000Mi,1500Mi,1,1
default-large-test-job-0-large-test-task-117,large-test-job-0,0001-01-01 00:00:01,0001-01-01 00:00:01,0001-01-01 00:00:01,0001-01-01 00:00:53,0.0,0.0,0.0,52.0,52.0,k8s-worker-337,500m,600m,1000Mi,1500Mi,1,1
default-large-test-job-0-large-test-task-118,large-test-job-0,0001-01-01 00:00:01,0001-01-01 00:00:01,0001-01-01 00:00:01,0001-01-01 00:00:53,0.0,0.0,0.0,52.0,52.0,k8s-worker-133,500m,600m,1000Mi,1500Mi,1,1
default-large-test-job-0-large-test-task-119,large-test-job-0,0001-01-01 00:00:01,0001-01-01 00:00:01,0001-01-01 00:00:01,0001-01-01 00:00:55,0.0,0.0,0.0,54.0,54.0,k8s-worker-133,500m,600m,1000Mi,1500Mi,1,1
default-large-test-job-0-large-test-task-12,large-test-job-0,0001-01-01 00:00:01,0001-01-01 00:00:01,0001-01-01 00:00:01,0001-01-01 00:00:53,0.0,0.0,0.0,52.0,52.0,k8s-worker-381,500m,600m,1000Mi,1500Mi,1,1
default-large-test-job-0-large-test-task-120,large-test-job-0,0001-01-01 00:00:01,0001-01-01 00:00:01,0001-01-01 00:00:01,0001-01-01 00:00:53,0.0,0.0,0.0,52.0,52.0,k8s-worker-385,500m,600m,1000Mi,1500Mi,1,1
default-large-test-job-0-large-test-task-121,large-test-job-0,0001-01-01 00:00:01,0001-01-01 00:00:01,0001-01-01 00:00:01,0001-01-01 00:00:55,0.0,0.0,0.0,54.0,54.0,k8s-worker-385,500m,600m,1000Mi,1500Mi,1,1
default-large-test-job-0-large-test-task-122,large-test-job-0,0001-01-01 00:00:01,0001-01-01 00:00:01,0001-01-01 00:00:01,0001-01-01 00:00:53,0.0,0.0,0.0,52.0,52.0,k8s-worker-229,500m,600m,1000Mi,1500Mi,1,1
default-large-test-job-0-large-test-task-123,large-test-job-0,0001-01-01 00:00:01,0001-01-01 00:00:01,0001-01-01 00:00:01,0001-01-01 00:00:55,0.0,0.0,0.0,54.0,54.0,k8s-worker-229,500m,600m,1000Mi,1500Mi,1,1
default-large-test-job-0-large-test-task-124,large-test-job-0,0001-01-01 00:00:01,0001-01-01 00:00:01,0001-01-01 00:00:01,0001-01-01 00:00:53,0.0,0.0,0.0,52.0,52.0,k8s-worker-169,500m,600m,1000Mi,1500Mi,1,1
default-large-test-job-0-large-test-task-125,large-test-job-0,0001-01-01 00:00:01,0001-01-01 00:00:01,0001-01-01 00:00:01,0001-01-01 00:00:55,0.0,0.0,0.0,54.0,54.0,k8s-worker-169,500m,600m,1000Mi,1500Mi,1,1
default-large-test-job-0-large-test-task-126,large-test-job-0,0001-01-01 00:00:01,0001-01-01 00:00:01,0001-01-01 00:00:01,0001-01-01 00:00:53,0.0,0.0,0.0,52.0,52.0,k8s-worker-457,500m,600m,1000Mi,1500Mi,1,1
default-large-test-job-0-large-test-task-127,large-test-job-0,0001-01-01 00:00:01,0001-01-01 00:00:01,0001-01-01 00:00:01,0001-01-01 00:00:55,0.0,0.0,0.0,54.0,54.0,k8s-worker-457,500m,600m,1000Mi,1500Mi,1,1
default-large-test-job-0-large-test-task-128,large-test-job-0,0001-01-01 00:00:01,0001-01-01 00:00:01,0001-01-01 00:00:01,0001-01-01 00:00:55,0.0,0.0,0.0,54.0,54.0,k8s-worker-61,500m,600m,1000Mi,1500Mi,1,1
default-large-test-job-0-large-test-task-129,large-test-job-0,0001-01-01 00:00:01,0001-01-01 00:00:01,0001-01-01 00:00:01,0001-01-01 00:00:53,0.0,0.0,0.0,52.0,52.0,k8s-worker-61,500m,600m,1000Mi,1500Mi,1,1
default-large-test-job-0-large-test-task-13,large-test-job-0,0001-01-01 00:00:01,0001-01-01 00:00:01,0001-01-01 00:00:01,0001-01-01 00:00:55,0.0,0.0,0.0,54.0,54.0,k8s-worker-381,500m,600m,1000Mi,1500Mi,1,1
default-large-test-job-0-large-test-task-130,large-test-job-0,0001-01-01 00:00:01,0001-01-01 00:00:01,0001-01-01 00:00:01,0001-01-01 00:00:53,0.0,0.0,0.0,52.0,52.0,k8s-worker-157,500m,600m,1000Mi,1500Mi,1,1
default-large-test-job-0-large-test-task-131,large-test-job-0,0001-01-01 00:00:01,0001-01-01 00:00:01,0001-01-01 00:00:01,0001-01-01 00:00:55,0.0,0.0,0.0,54.0,54.0,k8s-worker-157,500m,600m,1000Mi,1500Mi,1,1
default-large-test-job-0-large-test-task-132,large-test-job-0,0001-01-01 00:00:01,0001-01-01 00:00:01,0001-01-01 00:00:01,0001-01-01 00:00:53,0.0,0.0,0.0,52.0,52.0,k8s-worker-397,500m,600m,1000Mi,1500Mi,1,1
default-large-test-job-0-large-test-task-133,large-test-job-0,0001-01-01 00:00:01,0001-01-01 00:00:01,0001-01-01 00:00:01,0001-01-01 00:00:55,0.0,0.0,0.0,54.0,54.0,k8s-worker-397,500m,600m,1000Mi,1500Mi,1,1
default-large-test-job-0-large-test-task-134,large-test-job-0,0001-01-01 00:00:01,0001-01-01 00:00:01,0001-01-01 00:00:01,0001-01-01 00:00:55,0.0,0.0,0.0,54.0,54.0,k8s-worker-145,500m,600m,1000Mi,1500Mi,1,1
default-large-test-job-0-large-test-task-135,large-test-job-0,0001-01-01 00:00:01,0001-01-01 00:00:01,0001-01-01 00:00:01,0001-01-01 00:00:53,0.0,0.0,0.0,52.0,52.0,k8s-worker-145,500m,600m,1000Mi,1500Mi,1,1
default-large-test-job-0-large-test-task-136,large-test-job-0,0001-01-01 00:00:01,0001-01-01 00:00:01,0001-01-01 00:00:01,0001-01-01 00:00:55,0.0,0.0,0.0,54.0,54.0,k8s-worker-289,500m,600m,1000Mi,1500Mi,1,1
default-large-test-job-0-large-test-task-137,large-test-job-0,0001-01-01 00:00:01,0001-01-01 00:00:01,0001-01-01 00:00:01,0001-01-01 00:00:53,0.0,0.0,0.0,52.0,52.0,k8s-worker-289,500m,600m,1000Mi,1500Mi,1,1
default-large-test-job-0-large-test-task-138,large-test-job-0,0001-01-01 00:00:01,0001-01-01 00:00:01,0001-01-01 00:00:01,0001-01-01 00:00:53,0.0,0.0,0.0,52.0,52.0,k8s-worker-181,500m,600m,1000Mi,1500Mi,1,1
default-large-test-job-0-large-test-task-139,large-test-job-0,0001-01-01 00:00:01,0001-01-01 00:00:01,0001-01-01 00:00:01,0001-01-01 00:00:55,0.0,0.0,0.0,54.0,54.0,k8s-worker-181,500m,600m,1000Mi,1500Mi,1,1
default-large-test-job-0-large-test-task-14,large-test-job-0,0001-01-01 00:00:01,0001-01-01 00:00:01,0001-01-01 00:00:01,0001-01-01 00:00:53,0.0,0.0,0.0,52.0,52.0,k8s-worker-117,500m,600m,1000Mi,1500Mi,1,1
default-large-test-job-0-large-test-task-140,large-test-job-0,0001-01-01 00:00:01,0001-01-01 00:00:01,0001-01-01 00:00:01,0001-01-01 00:00:53,0.0,0.0,0.0,52.0,52.0,k8s-worker-121,500m,600m,1000Mi,1500Mi,1,1
default-large-test-job-0-large-test-task-141,large-test-job-0,0001-01-01 00:00:01,0001-01-01 00:00:01,0001-01-01 00:00:01,0001-01-01 00:00:55,0.0,0.0,0.0,54.0,54.0,k8s-worker-121,500m,600m,1000Mi,1500Mi,1,1
default-large-test-job-0-large-test-task-142,large-test-job-0,0001-01-01 00:00:01,0001-01-01 00:00:01,0001-01-01 00:00:01,0001-01-01 00:00:55,0.0,0.0,0.0,54.0,54.0,k8s-worker-241,500m,600m,1000Mi,1500Mi,1,1
default-large-test-job-0-large-test-task-143,large-test-job-0,0001-01-01 00:00:01,0001-01-01 00:00:01,0001-01-01 00:00:01,0001-01-01 00:00:53,0.0,0.0,0.0,52.0,52.0,k8s-worker-241,500m,600m,1000Mi,1500Mi,1,1
default-large-test-job-0-large-test-task-144,large-test-job-0,0001-01-01 00:00:01,0001-01-01 00:00:01,0001-01-01 00:00:01,0001-01-01 00:00:53,0.0,0.0,0.0,52.0,52.0,k8s-worker-313,500m,600m,1000Mi,1500Mi,1,1
default-large-test-job-0-large-test-task-145,large-test-job-0,0001-01-01 00:00:01,0001-01-01 00:00:01,0001-01-01 00:00:01,0001-01-01 00:00:55,0.0,0.0,0.0,54.0,54.0,k8s-worker-313,500m,600m,1000Mi,1500Mi,1,1
default-large-test-job-0-large-test-task-146,large-test-job-0,0001-01-01 00:00:01,0001-01-01 00:00:01,0001-01-01 00:00:01,0001-01-01 00:00:55,0.0,0.0,0.0,54.0,54.0,k8s-worker-469,500m,600m,1000Mi,1500Mi,1,1
default-large-test-job-0-large-test-task-147,large-test-job-0,0001-01-01 00:00:01,0001-01-01 00:00:01,0001-01-01 00:00:01,0001-01-01 00:00:53,0.0,0.0,0.0,52.0,52.0,k8s-worker-469,500m,600m,1000Mi,1500Mi,1,1
default-large-test-job-0-large-test-task-148,large-test-job-0,0001-01-01 00:00:01,0001-01-01 00:00:01,0001-01-01 00:00:01,0001-01-01 00:00:53,0.0,0.0,0.0,52.0,52.0,k8s-worker-73,500m,600m,1000Mi,1500Mi,1,1
default-large-test-job-0-large-test-task-149,large-test-job-0,0001-01-01 00:00:01,0001-01-01 00:00:01,0001-01-01 00:00:01,0001-01-01 00:00:55,0.0,0.0,0.0,54.0,54.0,k8s-worker-73,500m,600m,1000Mi,1500Mi,1,1
default-large-test-job-0-large-test-task-15,large-test-job-0,0001-01-01 00:00:01,0001-01-01 00:00:01,0001-01-01 00:00:01,0001-01-01 00:00:55,0.0,0.0,0.0,54.0,54.0,k8s-worker-117,500m,600m,1000Mi,1500Mi,1,1
default-large-test-job-0-large-test-task-150,large-test-job-0,0001-01-01 00:00:01,0001-01-01 00:00:01,0001-01-01 00:00:01,0001-01-01 00:00:53,0.0,0.0,0.0,52.0,52.0,k8s-worker-49,500m,600m,1000Mi,1500Mi,1,1
default-large-test-job-0-large-test-task-151,large-test-job-0,0001-01-01 00:00:01,0001-01-01 00:00:01,0001-01-01 00:00:01,0001-01-01 00:00:55,0.0,0.0,0.0,54.0,54.0,k8s-worker-49,500m,600m,1000Mi,1500Mi,1,1
default-large-test-job-0-large-test-task-152,large-test-job-0,0001-01-01 00:00:01,0001-01-01 00:00:01,0001-01-01 00:00:01,0001-01-01 00:00:53,0.0,0.0,0.0,52.0,52.0,k8s-worker-409,500m,600m,1000Mi,1500Mi,1,1
default-large-test-job-0-large-test-task-153,large-test-job-0,0001-01-01 00:00:01,0001-01-01 00:00:01,0001-01-01 00:00:01,0001-01-01 00:00:55,0.0,0.0,0.0,54.0,54.0,k8s-worker-409,500m,600m,1000Mi,1500Mi,1,1
default-large-test-job-0-large-test-task-154,large-test-job-0,0001-01-01 00:00:01,0001-01-01 00:00:01,0001-01-01 00:00:01,0001-01-01 00:00:53,0.0,0.0,0.0,52.0,52.0,k8s-worker-301,500m,600m,1000Mi,1500Mi,1,1
default-large-test-job-0-large-test-task-155,large-test-job-0,0001-01-01 00:00:01,0001-01-01 00:00:01,0001-01-01 00:00:01,0001-01-01 00:00:55,0.0,0.0,0.0,54.0,54.0,k8s-worker-301,500m,600m,1000Mi,1500Mi,1,1
default-large-test-job-0-large-test-task-156,large-test-job-0,0001-01-01 00:00:01,0001-01-01 00:00:01,0001-01-01 00:00:01,0001-01-01 00:00:53,0.0,0.0,0.0,52.0,52.0,k8s-worker-481,500m,600m,1000Mi,1500Mi,1,1
default-large-test-job-0-large-test-task-157,large-test-job-0,0001-01-01 00:00:01,0001-01-01 00:00:01,0001-01-01 00:00:01,0001-01-01 00:00:55,0.0,0.0,0.0,54.0,54.0,k8s-worker-481,500m,600m,1000Mi,1500Mi,1,1
default-large-test-job-0-large-test-task-158,large-test-job-0,0001-01-01 00:00:01,0001-01-01 00:00:01,0001-01-01 00:00:01,0001-01-01 00:00:53,0.0,0.0,0.0,52.0,52.0,k8s-worker-25,500m,600m,1000Mi,1500Mi,1,1
default-large-test-job-0-large-test-task-159,large-test-job-0,0001-01-01 00:00:01,0001-01-01 00:00:01,0001-01-01 00:00:01,0001-01-01 00:00:55,0.0,0.0,0.0,54.0,54.0,k8s-worker-25,500m,600m,1000Mi,1500Mi,1,1
default-large-test-job-0-large-test-task-16,large-test-job-0,0001-01-01 00:00:01,0001-01-01 00:00:01,0001-01-01 00:00:01,0001-01-01 00:00:53,0.0,0.0,0.0,52.0,52.0,k8s-worker-225,500m,600m,1000Mi,1500Mi,1,1
default-large-test-job-0-large-test-task-160,large-test-job-0,0001-01-01 00:00:01,0001-01-01 00:00:01,0001-01-01 00:00:01,0001-01-01 00:00:53,0.0,0.0,0.0,52.0,52.0,k8s-worker-205,500m,600m,1000Mi,1500Mi,1,1
default-large-test-job-0-large-test-task-161,large-test-job-0,0001-01-01 00:00:01,0001-01-01 00:00:01,0001-01-01 00:00:01,0001-01-01 00:00:55,0.0,0.0,0.0,54.0,54.0,k8s-worker-205,500m,600m,1000Mi,1500Mi,1,1
default-large-test-job-0-large-test-task-162,large-test-job-0,0001-01-01 00:00:01,0001-01-01 00:00:01,0001-01-01 00:00:01,0001-01-01 00:00:53,0.0,0.0,0.0,52.0,52.0,k8s-worker-217,500m,600m,1000Mi,1500Mi,1,1
default-large-test-job-0-large-test-task-163,large-test-job-0,0001-01-01 00:00:01,0001-01-01 00:00:01,0001-01-01 00:00:01,0001-01-01 00:00:55,0.0,0.0,0.0,54.0,54.0,k8s-worker-217,500m,600m,1000Mi,1500Mi,1,1
default-large-test-job-0-large-test-task-164,large-test-job-0,0001-01-01 00:00:01,0001-01-01 00:00:01,0001-01-01 00:00:01,0001-01-01 00:00:53,0.0,0.0,0.0,52.0,52.0,k8s-worker-361,500m,600m,1000Mi,1500Mi,1,1
default-large-test-job-0-large-test-task-165,large-test-job-0,0001-01-01 00:00:01,0001-01-01 00:00:01,0001-01-01 00:00:01,0001-01-01 00:00:55,0.0,0.0,0.0,54.0,54.0,k8s-worker-361,500m,600m,1000Mi,1500Mi,1,1
default-large-test-job-0-large-test-task-166,large-test-job-0,0001-01-01 00:00:01,0001-01-01 00:00:01,0001-01-01 00:00:01,0001-01-01 00:00:53,0.0,0.0,0.0,52.0,52.0,k8s-worker-353,500m,600m,1000Mi,1500Mi,1,1
default-large-test-job-0-large-test-task-167,large-test-job-0,0001-01-01 00:00:01,0001-01-01 00:00:01,0001-01-01 00:00:01,0001-01-01 00:00:55,0.0,0.0,0.0,54.0,54.0,k8s-worker-353,500m,600m,1000Mi,1500Mi,1,1
default-large-test-job-0-large-test-task-168,large-test-job-0,0001-01-01 00:00:01,0001-01-01 00:00:01,0001-01-01 00:00:01,0001-01-01 00:00:53,0.0,0.0,0.0,52.0,52.0,k8s-worker-149,500m,600m,1000Mi,1500Mi,1,1
default-large-test-job-0-large-test-task-169,large-test-job-0,0001-01-01 00:00:01,0001-01-01 00:00:01,0001-01-01 00:00:01,0001-01-01 00:00:55,0.0,0.0,0.0,54.0,54.0,k8s-worker-149,500m,600m,1000Mi,1500Mi,1,1
default-large-test-job-0-large-test-task-17,large-test-job-0,0001-01-01 00:00:01,0001-01-01 00:00:01,0001-01-01 00:00:01,0001-01-01 00:00:55,0.0,0.0,0.0,54.0,54.0,k8s-worker-225,500m,600m,1000Mi,1500Mi,1,1
default-large-test-job-0-large-test-task-170,large-test-job-0,0001-01-01 00:00:01,0001-01-01 00:00:01,0001-01-01 00:00:01,0001-01-01 00:00:55,0.0,0.0,0.0,54.0,54.0,k8s-worker-209,500m,600m,1000Mi,1500Mi,1,1
default-large-test-job-0-large-test-task-171,large-test-job-0,0001-01-01 00:00:01,0001-01-01 00:00:01,0001-01-01 00:00:01,0001-01-01 00:00:53,0.0,0.0,0.0,52.0,52.0,k8s-worker-209,500m,600m,1000Mi,1500Mi,1,1
default-large-test-job-0-large-test-task-172,large-test-job-0,0001-01-01 00:00:01,0001-01-01 00:00:01,0001-01-01 00:00:01,0001-01-01 00:00:53,0.0,0.0,0.0,52.0,52.0,k8s-worker-401,500m,600m,1000Mi,1500Mi,1,1
default-large-test-job-0-large-test-task-173,large-test-job-0,0001-01-01 00:00:01,0001-01-01 00:00:01,0001-01-01 00:00:01,0001-01-01 00:00:55,0.0,0.0,0.0,54.0,54.0,k8s-worker-401,500m,600m,1000Mi,1500Mi,1,1
default-large-test-job-0-large-test-task-174,large-test-job-0,0001-01-01 00:00:01,0001-01-01 00:00:01,0001-01-01 00:00:01,0001-01-01 00:00:53,0.0,0.0,0.0,52.0,52.0,k8s-worker-89,500m,600m,1000Mi,1500Mi,1,1
default-large-test-job-0-large-test-task-175,large-test-job-0,0001-01-01 00:00:01,0001-01-01 00:00:01,0001-01-01 00:00:01,0001-01-01 00:00:55,0.0,0.0,0.0,54.0,54.0,k8s-worker-89,500m,600m,1000Mi,1500Mi,1,1
default-large-test-job-0-large-test-task-176,large-test-job-0,0001-01-01 00:00:01,0001-01-01 00:00:01,0001-01-01 00:00:01,0001-01-01 00:00:53,0.0,0.0,0.0,52.0,52.0,k8s-worker-257,500m,600m,1000Mi,1500Mi,1,1
default-large-test-job-0-large-test-task-177,large-test-job-0,0001-01-01 00:00:01,0001-01-01 00:00:01,0001-01-01 00:00:01,0001-01-01 00:00:55,0.0,0.0,0.0,54.0,54.0,k8s-worker-257,500m,600m,1000Mi,1500Mi,1,1
default-large-test-job-0-large-test-task-178,large-test-job-0,0001-01-01 00:00:01,0001-01-01 00:00:01,0001-01-01 00:00:01,0001-01-01 00:00:53,0.0,0.0,0.0,52.0,52.0,k8s-worker-125,500m,600m,1000Mi,1500Mi,1,1
default-large-test-job-0-large-test-task-179,large-test-job-0,0001-01-01 00:00:01,0001-01-01 00:00:01,0001-01-01 00:00:01,0001-01-01 00:00:55,0.0,0.0,0.0,54.0,54.0,k8s-worker-125,500m,600m,1000Mi,1500Mi,1,1
default-large-test-job-0-large-test-task-18,large-test-job-0,0001-01-01 00:00:01,0001-01-01 00:00:01,0001-01-01 00:00:01,0001-01-01 00:00:53,0.0,0.0,0.0,52.0,52.0,k8s-worker-189,500m,600m,1000Mi,1500Mi,1,1
default-large-test-job-0-large-test-task-180,large-test-job-0,0001-01-01 00:00:01,0001-01-01 00:00:01,0001-01-01 00:00:01,0001-01-01 00:00:53,0.0,0.0,0.0,52.0,52.0,k8s-worker-329,500m,600m,1000Mi,1500Mi,1,1
default-large-test-job-0-large-test-task-181,large-test-job-0,0001-01-01 00:00:01,0001-01-01 00:00:01,0001-01-01 00:00:01,0001-01-01 00:00:55,0.0,0.0,0.0,54.0,54.0,k8s-worker-329,500m,600m,1000Mi,1500Mi,1,1
default-large-test-job-0-large-test-task-182,large-test-job-0,0001-01-01 00:00:01,0001-01-01 00:00:01,0001-01-01 00:00:01,0001-01-01 00:00:53,0.0,0.0,0.0,52.0,52.0,k8s-worker-77,500m,600m,1000Mi,1500Mi,1,1
default-large-test-job-0-large-test-task-183,large-test-job-0,0001-01-01 00:00:01,0001-01-01 00:00:01,0001-01-01 00:00:01,0001-01-01 00:00:55,0.0,0.0,0.0,54.0,54.0,k8s-worker-77,500m,600m,1000Mi,1500Mi,1,1
default-large-test-job-0-large-test-task-184,large-test-job-0,0001-01-01 00:00:01,0001-01-01 00:00:01,0001-01-01 00:00:01,0001-01-01 00:00:53,0.0,0.0,0.0,52.0,52.0,k8s-worker-317,500m,600m,1000Mi,1500Mi,1,1
default-large-test-job-0-large-test-task-185,large-test-job-0,0001-01-01 00:00:01,0001-01-01 00:00:01,0001-01-01 00:00:01,0001-01-01 00:00:55,0.0,0.0,0.0,54.0,54.0,k8s-worker-317,500m,600m,1000Mi,1500Mi,1,1
default-large-test-job-0-large-test-task-186,large-test-job-0,0001-01-01 00:00:01,0001-01-01 00:00:01,0001-01-01 00:00:01,0001-01-01 00:00:53,0.0,0.0,0.0,52.0,52.0,k8s-worker-197,500m,600m,1000Mi,1500Mi,1,1
default-large-test-job-0-large-test-task-187,large-test-job-0,0001-01-01 00:00:01,0001-01-01 00:00:01,0001-01-01 00:00:01,0001-01-01 00:00:55,0.0,0.0,0.0,54.0,54.0,k8s-worker-197,500m,600m,1000Mi,1500Mi,1,1
default-large-test-job-0-large-test-task-188,large-test-job-0,0001-01-01 00:00:01,0001-01-01 00:00:01,0001-01-01 00:00:01,0001-01-01 00:00:55,0.0,0.0,0.0,54.0,54.0,k8s-worker-485,500m,600m,1000Mi,1500Mi,1,1
default-large-test-job-0-large-test-task-189,large-test-job-0,0001-01-01 00:00:01,0001-01-01 00:00:01,0001-01-01 00:00:01,0001-01-01 00:00:53,0.0,0.0,0.0,52.0,52.0,k8s-worker-485,500m,600m,1000Mi,1500Mi,1,1
default-large-test-job-0-large-test-task-19,large-test-job-0,0001-01-01 00:00:01,0001-01-01 00:00:01,0001-01-01 00:00:01,0001-01-01 00:00:55,0.0,0.0,0.0,54.0,54.0,k8s-worker-189,500m,600m,1000Mi,1500Mi,1,1
default-large-test-job-0-large-test-task-190,large-test-job-0,0001-01-01 00:00:01,0001-01-01 00:00:01,0001-01-01 00:00:01,0001-01-01 00:00:53,0.0,0.0,0.0,52.0,52.0,k8s-worker-341,500m,600m,1000Mi,1500Mi,1,1
default-large-test-job-0-large-test-task-191,large-test-job-0,0001-01-01 00:00:01,0001-01-01 00:00:01,0001-01-01 00:00:01,0001-01-01 00:00:55,0.0,0.0,0.0,54.0,54.0,k8s-worker-341,500m,600m,1000Mi,1500Mi,1,1
default-large-test-job-0-large-test-task-192,large-test-job-0,0001-01-01 00:00:01,0001-01-01 00:00:01,0001-01-01 00:00:01,0001-01-01 00:00:53,0.0,0.0,0.0,52.0,52.0,k8s-worker-29,500m,600m,1000Mi,1500Mi,1,1
default-large-test-job-0-large-test-task-193,large-test-job-0,0001-01-01 00:00:01,0001-01-01 00:00:01,0001-01-01 00:00:01,0001-01-01 00:00:55,0.0,0.0,0.0,54.0,54.0,k8s-worker-29,500m,600m,1000Mi,1500Mi,1,1
default-large-test-job-0-large-test-task-194,large-test-job-0,0001-01-01 00:00:01,0001-01-01 00:00:01,0001-01-01 00:00:01,0001-01-01 00:00:55,0.0,0.0,0.0,54.0,54.0,k8s-worker-305,500m,600m,1000Mi,1500Mi,1,1
default-large-test-job-0-large-test-task-195,large-test-job-0,0001-01-01 00:00:01,0001-01-01 00:00:01,0001-01-01 00:00:01,0001-01-01 00:00:53,0.0,0.0,0.0,52.0,52.0,k8s-worker-305,500m,600m,1000Mi,1500Mi,1,1
default-large-test-job-0-large-test-task-196,large-test-job-0,0001-01-01 00:00:01,0001-01-01 00:00:01,0001-01-01 00:00:01,0001-01-01 00:00:53,0.0,0.0,0.0,52.0,52.0,k8s-worker-269,500m,600m,1000Mi,1500Mi,1,1
default-large-test-job-0-large-test-task-197,large-test-job-0,0001-01-01 00:00:01,0001-01-01 00:00:01,0001-01-01 00:00:01,0001-01-01 00:00:55,0.0,0.0,0.0,54.0,54.0,k8s-worker-269,500m,600m,1000Mi,1500Mi,1,1
default-large-test-job-0-large-test-task-198,large-test-job-0,0001-01-01 00:00:01,0001-01-01 00:00:01,0001-01-01 00:00:01,0001-01-01 00:00:53,0.0,0.0,0.0,52.0,52.0,k8s-worker-185,500m,600m,1000Mi,1500Mi,1,1
default-large-test-job-0-large-test-task-199,large-test-job-0,0001-01-01 00:00:01,0001-01-01 00:00:01,0001-01-01 00:00:01,0001-01-01 00:00:55,0.0,0.0,0.0,54.0,54.0,k8s-worker-185,500m,600m,1000Mi,1500Mi,1,1
default-large-test-job-0-large-test-task-2,large-test-job-0,0001-01-01 00:00:01,0001-01-01 00:00:01,0001-01-01 00:00:01,0001-01-01 00:00:53,0.0,0.0,0.0,52.0,52.0,k8s-worker-429,500m,600m,1000Mi,1500Mi,1,1
default-large-test-job-0-large-test-task-20,large-test-job-0,0001-01-01 00:00:01,0001-01-01 00:00:01,0001-01-01 00:00:01,0001-01-01 00:00:53,0.0,0.0,0.0,52.0,52.0,k8s-worker-201,500m,600m,1000Mi,1500Mi,1,1
default-large-test-job-0-large-test-task-21,large-test-job-0,0001-01-01 00:00:01,0001-01-01 00:00:01,0001-01-01 00:00:01,0001-01-01 00:00:55,0.0,0.0,0.0,54.0,54.0,k8s-worker-201,500m,600m,1000Mi,1500Mi,1,1
default-large-test-job-0-large-test-task-22,large-test-job-0,0001-01-01 00:00:01,0001-01-01 00:00:01,0001-01-01 00:00:01,0001-01-01 00:00:53,0.0,0.0,0.0,52.0,52.0,k8s-worker-165,500m,600m,1000Mi,1500Mi,1,1
default-large-test-job-0-large-test-task-23,large-test-job-0,0001-01-01 00:00:01,0001-01-01 00:00:01,0001-01-01 00:00:01,0001-01-01 00:00:55,0.0,0.0,0.0,54.0,54.0,k8s-worker-165,500m,600m,1000Mi,1500Mi,1,1
default-large-test-job-0-large-test-task-24,large-test-job-0,0001-01-01 00:00:01,0001-01-01 00:00:01,0001-01-01 00:00:01,0001-01-01 00:00:53,0.0,0.0,0.0,52.0,52.0,k8s-worker-489,500m,600m,1000Mi,1500Mi,1,1
default-large-test-job-0-large-test-task-25,large-test-job-0,0001-01-01 00:00:01,0001-01-01 00:00:01,0001-01-01 00:00:01,0001-01-01 00:00:55,0.0,0.0,0.0,54.0,54.0,k8s-worker-489,500m,600m,1000Mi,1500Mi,1,1
default-large-test-job-0-large-test-task-26,large-test-job-0,0001-01-01 00:00:01,0001-01-01 00:00:01,0001-01-01 00:00:01,0001-01-01 00:00:53,0.0,0.0,0.0,52.0,52.0,k8s-worker-213,500m,600m,1000Mi,1500Mi,1,1
default-large-test-job-0-large-test-task-27,large-test-job-0,0001-01-01 00:00:01,0001-01-01 00:00:01,0001-01-01 00:00:01,0001-01-01 00:00:55,0.0,0.0,0.0,54.0,54.0,k8s-worker-213,500m,600m,1000Mi,1500Mi,1,1
default-large-test-job-0-large-test-task-28,large-test-job-0,0001-01-01 00:00:01,0001-01-01 00:00:01,0001-01-01 00:00:01,0001-01-01 00:00:53,0.0,0.0,0.0,52.0,52.0,k8s-worker-93,500m,600m,1000Mi,1500Mi,1,1
default-large-test-job-0-large-test-task-29,large-test-job-0,0001-01-01 00:00:01,0001-01-01 00:00:01,0001-01-01 00:00:01,0001-01-01 00:00:55,0.0,0.0,0.0,54.0,54.0,k8s-worker-93,500m,600m,1000Mi,1500Mi,1,1
default-large-test-job-0-large-test-task-3,large-test-job-0,0001-01-01 00:00:01,0001-01-01 00:00:01,0001-01-01 00:00:01,0001-01-01 00:00:55,0.0,0.0,0.0,54.0,54.0,k8s-worker-429,500m,600m,1000Mi,1500Mi,1,1
default-large-test-job-0-large-test-task-30,large-test-job-0,0001-01-01 00:00:01,0001-01-01 00:00:01,0001-01-01 00:00:01,0001-01-01 00:00:53,0.0,0.0,0.0,52.0,52.0,k8s-worker-405,500m,600m,1000Mi,1500Mi,1,1
default-large-test-job-0-large-test-task-31,large-test-job-0,0001-01-01 00:00:01,0001-01-01 00:00:01,0001-01-01 00:00:01,0001-01-01 00:00:55,0.0,0.0,0.0,54.0,54.0,k8s-worker-405,500m,600m,1000Mi,1500Mi,1,1
default-large-test-job-0-large-test-task-32,large-test-job-0,0001-01-01 00:00:01,0001-01-01 00:00:01,0001-01-01 00:00:01,0001-01-01 00:00:55,0.0,0.0,0.0,54.0,54.0,k8s-worker-477,500m,600m,1000Mi,1500Mi,1,1
default-large-test-job-0-large-test-task-33,large-test-job-0,0001-01-01 00:00:01,0001-01-01 00:00:01,0001-01-01 00:00:01,0001-01-01 00:00:53,0.0,0.0,0.0,52.0,52.0,k8s-worker-477,500m,600m,1000Mi,1500Mi,1,1
default-large-test-job-0-large-test-task-34,large-test-job-0,0001-01-01 00:00:01,0001-01-01 00:00:01,0001-01-01 00:00:01,0001-01-01 00:00:53,0.0,0.0,0.0,52.0,52.0,k8s-worker-417,500m,600m,1000Mi,1500Mi,1,1
default-large-test-job-0-large-test-task-35,large-test-job-0,0001-01-01 00:00:01,0001-01-01 00:00:01,0001-01-01 00:00:01,0001-01-01 00:00:55,0.0,0.0,0.0,54.0,54.0,k8s-worker-417,500m,600m,1000Mi,1500Mi,1,1
default-large-test-job-0-large-test-task-36,large-test-job-0,0001-01-01 00:00:01,0001-01-01 00:00:01,0001-01-01 00:00:01,0001-01-01 00:00:53,0.0,0.0,0.0,52.0,52.0,k8s-worker-345,500m,600m,1000Mi,1500Mi,1,1
default-large-test-job-0-large-test-task-37,large-test-job-0,0001-01-01 00:00:01,0001-01-01 00:00:01,0001-01-01 00:00:01,0001-01-01 00:00:55,0.0,0.0,0.0,54.0,54.0,k8s-worker-345,500m,600m,1000Mi,1500Mi,1,1
default-large-test-job-0-large-test-task-38,large-test-job-0,0001-01-01 00:00:01,0001-01-01 00:00:01,0001-01-01 00:00:01,0001-01-01 00:00:53,0.0,0.0,0.0,52.0,52.0,k8s-worker-249,500m,600m,1000Mi,1500Mi,1,1
default-large-test-job-0-large-test-task-39,large-test-job-0,0001-01-01 00:00:01,0001-01-01 00:00:01,0001-01-01 00:00:01,0001-01-01 00:00:55,0.0,0.0,0.0,54.0,54.0,k8s-worker-249,500m,600m,1000Mi,1500Mi,1,1
default-large-test-job-0-large-test-task-4,large-test-job-0,0001-01-01 00:00:01,0001-01-01 00:00:01,0001-01-01 00:00:01,0001-01-01 00:00:53,0.0,0.0,0.0,52.0,52.0,k8s-worker-9,500m,600m,1000Mi,1500Mi,1,1
default-large-test-job-0-large-test-task-40,large-test-job-0,0001-01-01 00:00:01,0001-01-01 00:00:01,0001-01-01 00:00:01,0001-01-01 00:00:53,0.0,0.0,0.0,52.0,52.0,k8s-worker-237,500m,600m,1000Mi,1500Mi,1,1
default-large-test-job-0-large-test-task-41,large-test-job-0,0001-01-01 00:00:01,0001-01-01 00:00:01,0001-01-01 00:00:01,0001-01-01 00:00:55,0.0,0.0,0.0,54.0,54.0,k8s-worker-237,500m,600m,1000Mi,1500Mi,1,1
default-large-test-job-0-large-test-task-42,large-test-job-0,0001-01-01 00:00:01,0001-01-01 00:00:01,0001-01-01 00:00:01,0001-01-01 00:00:53,0.0,0.0,0.0,52.0,52.0,k8s-worker-393,500m,600m,1000Mi,1500Mi,1,1
default-large-test-job-0-large-test-task-43,large-test-job-0,0001-01-01 00:00:01,0001-01-01 00:00:01,0001-01-01 00:00:01,0001-01-01 00:00:55,0.0,0.0,0.0,54.0,54.0,k8s-worker-393,500m,600m,1000Mi,1500Mi,1,1
default-large-test-job-0-large-test-task-44,large-test-job-0,0001-01-01 00:00:01,0001-01-01 00:00:01,0001-01-01 00:00:01,0001-01-01 00:00:53,0.0,0.0,0.0,52.0,52.0,k8s-worker-321,500m,600m,1000Mi,1500Mi,1,1
default-large-test-job-0-large-test-task-45,large-test-job-0,0001-01-01 00:00:01,0001-01-01 00:00:01,0001-01-01 00:00:01,0001-01-01 00:00:55,0.0,0.0,0.0,54.0,54.0,k8s-worker-321,500m,600m,1000Mi,1500Mi,1,1
default-large-test-job-0-large-test-task-46,large-test-job-0,0001-01-01 00:00:01,0001-01-01 00:00:01,0001-01-01 00:00:01,0001-01-01 00:00:53,0.0,0.0,0.0,52.0,52.0,k8s-worker-105,500m,600m,1000Mi,1500Mi,1,1
default-large-test-job-0-large-test-task-47,large-test-job-0,0001-01-01 00:00:01,0001-01-01 00:00:01,0001-01-01 00:00:01,0001-01-01 00:00:55,0.0,0.0,0.0,54.0,54.0,k8s-worker-105,500m,600m,1000Mi,1500Mi,1,1
default-large-test-job-0-large-test-task-48,large-test-job-0,0001-01-01 00:00:01,0001-01-01 00:00:01,0001-01-01 00:00:01,0001-01-01 00:00:55,0.0,0.0,0.0,54.0,54.0,k8s-worker-177,500m,600m,1000Mi,1500Mi,1,1
default-large-test-job-0-large-test-task-49,large-test-job-0,0001-01-01 00:00:01,0001-01-01 00:00:01,0001-01-01 00:00:01,0001-01-01 00:00:53,0.0,0.0,0.0,52.0,52.0,k8s-worker-177,500m,600m,1000Mi,1500Mi,1,1
default-large-test-job-0-large-test-task-5,large-test-job-0,0001-01-01 00:00:01,0001-01-01 00:00:01,0001-01-01 00:00:01,0001-01-01 00:00:55,0.0,0.0,0.0,54.0,54.0,k8s-worker-9,500m,600m,1000Mi,1500Mi,1,1
default-large-test-job-0-large-test-task-50,large-test-job-0,0001-01-01 00:00:01,0001-01-01 00:00:01,0001-01-01 00:00:01,0001-01-01 00:00:53,0.0,0.0,0.0,52.0,52.0,k8s-worker-357,500m,600m,1000Mi,1500Mi,1,1
default-large-test-job-0-large-test-task-51,large-test-job-0,0001-01-01 00:00:01,0001-01-01 00:00:01,0001-01-01 00:00:01,0001-01-01 00:00:55,0.0,0.0,0.0,54.0,54.0,k8s-worker-357,500m,600m,1000Mi,1500Mi,1,1
default-large-test-job-0-large-test-task-52,large-test-job-0,0001-01-01 00:00:01,0001-01-01 00:00:01,0001-01-01 00:00:01,0001-01-01 00:00:53,0.0,0.0,0.0,52.0,52.0,k8s-worker-69,500m,600m,1000Mi,1500Mi,1,1
default-large-test-job-0-large-test-task-53,large-test-job-0,0001-01-01 00:00:01,0001-01-01 00:00:01,0001-01-01 00:00:01,0001-01-01 00:00:55,0.0,0.0,0.0,54.0,54.0,k8s-worker-69,500m,600m,1000Mi,1500Mi,1,1
default-large-test-job-0-large-test-task-54,large-test-job-0,0001-01-01 00:00:01,0001-01-01 00:00:01,0001-01-01 00:00:01,0001-01-01 00:00:53,0.0,0.0,0.0,52.0,52.0,k8s-worker-21,500m,600m,1000Mi,1500Mi,1,1
default-large-test-job-0-large-test-task-55,large-test-job-0,0001-01-01 00:00:01,0001-01-01 00:00:01,0001-01-01 00:00:01,0001-01-01 00:00:55,0.0,0.0,0.0,54.0,54.0,k8s-worker-21,500m,600m,1000Mi,1500Mi,1,1
default-large-test-job-0-large-test-task-56,large-test-job-0,0001-01-01 00:00:01,0001-01-01 00:00:01,0001-01-01 00:00:01,0001-01-01 00:00:53,0.0,0.0,0.0,52.0,52.0,k8s-worker-57,500m,600m,1000Mi,1500Mi,1,1
default-large-test-job-0-large-test-task-57,large-test-job-0,0001-01-01 00:00:01,0001-01-01 00:00:01,0001-01-01 00:00:01,0001-01-01 00:00:55,0.0,0.0,0.0,54.0,54.0,k8s-worker-57,500m,600m,1000Mi,1500Mi,1,1
default-large-test-job-0-large-test-task-58,large-test-job-0,0001-01-01 00:00:01,0001-01-01 00:00:01,0001-01-01 00:00:01,0001-01-01 00:00:53,0.0,0.0,0.0,52.0,52.0,k8s-worker-285,500m,600m,1000Mi,1500Mi,1,1
default-large-test-job-0-large-test-task-59,large-test-job-0,0001-01-01 00:00:01,0001-01-01 00:00:01,0001-01-01 00:00:01,0001-01-01 00:00:55,0.0,0.0,0.0,54.0,54.0,k8s-worker-285,500m,600m,1000Mi,1500Mi,1,1
default-large-test-job-0-large-test-task-6,large-test-job-0,0001-01-01 00:00:01,0001-01-01 00:00:01,0001-01-01 00:00:01,0001-01-01 00:00:53,0.0,0.0,0.0,52.0,52.0,k8s-worker-33,500m,600m,1000Mi,1500Mi,1,1
default-large-test-job-0-large-test-task-60,large-test-job-0,0001-01-01 00:00:01,0001-01-01 00:00:01,0001-01-01 00:00:01,0001-01-01 00:00:53,0.0,0.0,0.0,52.0,52.0,k8s-worker-309,500m,600m,1000Mi,1500Mi,1,1
default-large-test-job-0-large-test-task-61,large-test-job-0,0001-01-01 00:00:01,0001-01-01 00:00:01,0001-01-01 00:00:01,0001-01-01 00:00:55,0.0,0.0,0.0,54.0,54.0,k8s-worker-309,500m,600m,1000Mi,1500Mi,1,1
default-large-test-job-0-large-test-task-62,large-test-job-0,0001-01-01 00:00:01,0001-01-01 00:00:01,0001-01-01 00:00:01,0001-01-01 00:00:53,0.0,0.0,0.0,52.0,52.0,k8s-worker-153,500m,600m,1000Mi,1500Mi,1,1
default-large-test-job-0-large-test-task-63,large-test-job-0,0001-01-01 00:00:01,0001-01-01 00:00:01,0001-01-01 00:00:01,0001-01-01 00:00:55,0.0,0.0,0.0,54.0,54.0,k8s-worker-153,500m,600m,1000Mi,1500Mi,1,1
default-large-test-job-0-large-test-task-64,large-test-job-0,0001-01-01 00:00:01,0001-01-01 00:00:01,0001-01-01 00:00:01,0001-01-01 00:00:53,0.0,0.0,0.0,52.0,52.0,k8s-worker-81,500m,600m,1000Mi,1500Mi,1,1
default-large-test-job-0-large-test-task-65,large-test-job-0,0001-01-01 00:00:01,0001-01-01 00:00:01,0001-01-01 00:00:01,0001-01-01 00:00:55,0.0,0.0,0.0,54.0,54.0,k8s-worker-81,500m,600m,1000Mi,1500Mi,1,1
default-large-test-job-0-large-test-task-66,large-test-job-0,0001-01-01 00:00:01,0001-01-01 00:00:01,0001-01-01 00:00:01,0001-01-01 00:00:53,0.0,0.0,0.0,52.0,52.0,k8s-worker-441,500m,600m,1000Mi,1500Mi,1,1
default-large-test-job-0-large-test-task-67,large-test-job-0,0001-01-01 00:00:01,0001-01-01 00:00:01,0001-01-01 00:00:01,0001-01-01 00:00:55,0.0,0.0,0.0,54.0,54.0,k8s-worker-441,500m,600m,1000Mi,1500Mi,1,1
default-large-test-job-0-large-test-task-68,large-test-job-0,0001-01-01 00:00:01,0001-01-01 00:00:01,0001-01-01 00:00:01,0001-01-01 00:00:53,0.0,0.0,0.0,52.0,52.0,k8s-worker-261,500m,600m,1000Mi,1500Mi,1,1
default-large-test-job-0-large-test-task-69,large-test-job-0,0001-01-01 00:00:01,0001-01-01 00:00:01,0001-01-01 00:00:01,0001-01-01 00:00:55,0.0,0.0,0.0,54.0,54.0,k8s-worker-261,500m,600m,1000Mi,1500Mi,1,1
default-large-test-job-0-large-test-task-7,large-test-job-0,0001-01-01 00:00:01,0001-01-01 00:00:01,0001-01-01 00:00:01,0001-01-01 00:00:55,0.0,0.0,0.0,54.0,54.0,k8s-worker-33,500m,600m,1000Mi,1500Mi,1,1
default-large-test-job-0-large-test-task-70,large-test-job-0,0001-01-01 00:00:01,0001-01-01 00:00:01,0001-01-01 00:00:01,0001-01-01 00:00:53,0.0,0.0,0.0,52.0,52.0,k8s-worker-129,500m,600m,1000Mi,1500Mi,1,1
default-large-test-job-0-large-test-task-71,large-test-job-0,0001-01-01 00:00:01,0001-01-01 00:00:01,0001-01-01 00:00:01,0001-01-01 00:00:55,0.0,0.0,0.0,54.0,54.0,k8s-worker-129,500m,600m,1000Mi,1500Mi,1,1
default-large-test-job-0-large-test-task-72,large-test-job-0,0001-01-01 00:00:01,0001-01-01 00:00:01,0001-01-01 00:00:01,0001-01-01 00:00:53,0.0,0.0,0.0,52.0,52.0,k8s-worker-45,500m,600m,1000Mi,1500Mi,1,1
default-large-test-job-0-large-test-task-73,large-test-job-0,0001-01-01 00:00:01,0001-01-01 00:00:01,0001-01-01 00:00:01,0001-01-01 00:00:55,0.0,0.0,0.0,54.0,54.0,k8s-worker-45,500m,600m,1000Mi,1500Mi,1,1
default-large-test-job-0-large-test-task-74,large-test-job-0,0001-01-01 00:00:01,0001-01-01 00:00:01,0001-01-01 00:00:01,0001-01-01 00:00:53,0.0,0.0,0.0,52.0,52.0,k8s-worker-273,500m,600m,1000Mi,1500Mi,1,1
default-large-test-job-0-large-test-task-75,large-test-job-0,0001-01-01 00:00:01,0001-01-01 00:00:01,0001-01-01 00:00:01,0001-01-01 00:00:55,0.0,0.0,0.0,54.0,54.0,k8s-worker-273,500m,600m,1000Mi,1500Mi,1,1
default-large-test-job-0-large-test-task-76,large-test-job-0,0001-01-01 00:00:01,0001-01-01 00:00:01,0001-01-01 00:00:01,0001-01-01 00:00:55,0.0,0.0,0.0,54.0,54.0,k8s-worker-333,500m,600m,1000Mi,1500Mi,1,1
default-large-test-job-0-large-test-task-77,large-test-job-0,0001-01-01 00:00:01,0001-01-01 00:00:01,0001-01-01 00:00:01,0001-01-01 00:00:53,0.0,0.0,0.0,52.0,52.0,k8s-worker-333,500m,600m,1000Mi,1500Mi,1,1
default-large-test-job-0-large-test-task-78,large-test-job-0,0001-01-01 00:00:01,0001-01-01 00:00:01,0001-01-01 00:00:01,0001-01-01 00:00:55,0.0,0.0,0.0,54.0,54.0,k8s-worker-465,500m,600m,1000Mi,1500Mi,1,1
default-large-test-job-0-large-test-task-79,large-test-job-0,0001-01-01 00:00:01,0001-01-01 00:00:01,0001-01-01 00:00:01,0001-01-01 00:00:53,0.0,0.0,0.0,52.0,52.0,k8s-worker-465,500m,600m,1000Mi,1500Mi,1,1
default-large-test-job-0-large-test-task-8,large-test-job-0,0001-01-01 00:00:01,0001-01-01 00:00:01,0001-01-01 00:00:01,0001-01-01 00:00:53,0.0,0.0,0.0,52.0,52.0,k8s-worker-297,500m,600m,1000Mi,1500Mi,1,1
default-large-test-job-0-large-test-task-80,large-test-job-0,0001-01-01 00:00:01,0001-01-01 00:00:01,0001-01-01 00:00:01,0001-01-01 00:00:53,0.0,0.0,0.0,52.0,52.0,k8s-worker-453,500m,600m,1000Mi,1500Mi,1,1
default-large-test-job-0-large-test-task-81,large-test-job-0,0001-01-01 00:00:01,0001-01-01 00:00:01,0001-01-01 00:00:01,0001-01-01 00:00:55,0.0,0.0,0.0,54.0,54.0,k8s-worker-453,500m,600m,1000Mi,1500Mi,1,1
default-large-test-job-0-large-test-task-82,large-test-job-0,0001-01-01 00:00:01,0001-01-01 00:00:01,0001-01-01 00:00:01,0001-01-01 00:00:53,0.0,0.0,0.0,52.0,52.0,k8s-worker-13,500m,600m,1000Mi,1500Mi,1,1
default-large-test-job-0-large-test-task-83,large-test-job-0,0001-01-01 00:00:01,0001-01-01 00:00:01,0001-01-01 00:00:01,0001-01-01 00:00:55,0.0,0.0,0.0,54.0,54.0,k8s-worker-13,500m,600m,1000Mi,1500Mi,1,1
default-large-test-job-0-large-test-task-84,large-test-job-0,0001-01-01 00:00:01,0001-01-01 00:00:01,0001-01-01 00:00:01,0001-01-01 00:00:53,0.0,0.0,0.0,52.0,52.0,k8s-worker-277,500m,600m,1000Mi,1500Mi,1,1
default-large-test-job-0-large-test-task-85,large-test-job-0,0001-01-01 00:00:01,0001-01-01 00:00:01,0001-01-01 00:00:01,0001-01-01 00:00:55,0.0,0.0,0.0,54.0,54.0,k8s-worker-277,500m,600m,1000Mi,1500Mi,1,1
default-large-test-job-0-large-test-task-86,large-test-job-0,0001-01-01 00:00:01,0001-01-01 00:00:01,0001-01-01 00:00:01,0001-01-01 00:00:53,0.0,0.0,0.0,52.0,52.0,k8s-worker-373,500m,600m,1000Mi,1500Mi,1,1
default-large-test-job-0-large-test-task-87,large-test-job-0,0001-01-01 00:00:01,0001-01-01 00:00:01,0001-01-01 00:00:01,0001-01-01 00:00:55,0.0,0.0,0.0,54.0,54.0,k8s-worker-373,500m,600m,1000Mi,1500Mi,1,1
default-large-test-job-0-large-test-task-88,large-test-job-0,0001-01-01 00:00:01,0001-01-01 00:00:01,0001-01-01 00:00:01,0001-01-01 00:00:55,0.0,0.0,0.0,54.0,54.0,k8s-worker-85,500m,600m,1000Mi,1500Mi,1,1
default-large-test-job-0-large-test-task-89,large-test-job-0,0001-01-01 00:00:01,0001-01-01 00:00:01,0001-01-01 00:00:01,0001-01-01 00:00:53,0.0,0.0,0.0,52.0,52.0,k8s-worker-85,500m,600m,1000Mi,1500Mi,1,1
default-large-test-job-0-large-test-task-9,large-test-job-0,0001-01-01 00:00:01,0001-01-01 00:00:01,0001-01-01 00:00:01,0001-01-01 00:00:55,0.0,0.0,0.0,54.0,54.0,k8s-worker-297,500m,600m,1000Mi,1500Mi,1,1
default-large-test-job-0-large-test-task-90,large-test-job-0,0001-01-01 00:00:01,0001-01-01 00:00:01,0001-01-01 00:00:01,0001-01-01 00:00:53,0.0,0.0,0.0,52.0,52.0,k8s-worker-97,500m,600m,1000Mi,1500Mi,1,1
default-large-test-job-0-large-test-task-91,large-test-job-0,0001-01-01 00:00:01,0001-01-01 00:00:01,0001-01-01 00:00:01,0001-01-01 00:00:55,0.0,0.0,0.0,54.0,54.0,k8s-worker-97,500m,600m,1000Mi,1500Mi,1,1
default-large-test-job-0-large-test-task-92,large-test-job-0,0001-01-01 00:00:01,0001-01-01 00:00:01,0001-01-01 00:00:01,0001-01-01 00:00:55,0.0,0.0,0.0,54.0,54.0,k8s-worker-253,500m,600m,1000Mi,1500Mi,1,1
default-large-test-job-0-large-test-task-93,large-test-job-0,0001-01-01 00:00:01,0001-01-01 00:00:01,0001-01-01 00:00:01,0001-01-01 00:00:53,0.0,0.0,0.0,52.0,52.0,k8s-worker-253,500m,600m,1000Mi,1500Mi,1,1
default-large-test-job-0-large-test-task-94,large-test-job-0,0001-01-01 00:00:01,0001-01-01 00:00:01,0001-01-01 00:00:01,0001-01-01 00:00:53,0.0,0.0,0.0,52.0,52.0,k8s-worker-109,500m,600m,1000Mi,1500Mi,1,1
default-large-test-job-0-large-test-task-95,large-test-job-0,0001-01-01 00:00:01,0001-01-01 00:00:01,0001-01-01 00:00:01,0001-01-01 00:00:55,0.0,0.0,0.0,54.0,54.0,k8s-worker-109,500m,600m,1000Mi,1500Mi,1,1
default-large-test-job-0-large-test-task-96,large-test-job-0,0001-01-01 00:00:01,0001-01-01 00:00:01,0001-01-01 00:00:01,0001-01-01 00:00:55,0.0,0.0,0.0,54.0,54.0,k8s-worker-445,500m,600m,1000Mi,1500Mi,1,1
default-large-test-job-0-large-test-task-97,large-test-job-0,0001-01-01 00:00:01,0001-01-01 00:00:01,0001-01-01 00:00:01,0001-01-01 00:00:53,0.0,0.0,0.0,52.0,52.0,k8s-worker-445,500m,600m,1000Mi,1500Mi,1,1
default-large-test-job-0-large-test-task-98,large-test-job-0,0001-01-01 00:00:01,0001-01-01 00:00:01,0001-01-01 00:00:01,0001-01-01 00:00:53,0.0,0.0,0.0,52.0,52.0,k8s-worker-37,500m,600m,1000Mi,1500Mi,1,1
default-large-test-job-0-large-test-task-99,large-test-job-0,0001-01-01 00:00:01,0001-01-01 00:00:01,0001-01-01 00:00:01,0001-01-01 00:00:55,0.0,0.0,0.0,54.0,54.0,k8s-worker-37,500m,600m,1000Mi,1500Mi,1,1
default-large-test-job-1-large-test-task-0,large-test-job-1,0001-01-01 00:00:01,0001-01-01 00:00:01,0001-01-01 00:00:01,0001-01-01 00:00:31,0.0,0.0,0.0,30.0,30.0,k8s-worker-365,1,1200m,2000Mi,2500Mi,2,2
default-large-test-job-1-large-test-task-1,large-test-job-1,0001-01-01 00:00:01,0001-01-01 00:00:01,0001-01-01 00:00:01,0001-01-01 00:00:31,0.0,0.0,0.0,30.0,30.0,k8s-worker-377,1,1200m,2000Mi,2500Mi,2,2
default-large-test-job-1-large-test-task-10,large-test-job-1,0001-01-01 00:00:01,0001-01-01 00:00:01,0001-01-01 00:00:01,0001-01-01 00:00:31,0.0,0.0,0.0,30.0,30.0,k8s-worker-113,1,1200m,2000Mi,2500Mi,2,2
default-large-test-job-1-large-test-task-11,large-test-job-1,0001-01-01 00:00:01,0001-01-01 00:00:01,0001-01-01 00:00:01,0001-01-01 00:00:31,0.0,0.0,0.0,30.0,30.0,k8s-worker-17,1,1200m,2000Mi,2500Mi,2,2
default-large-test-job-1-large-test-task-12,large-test-job-1,0001-01-01 00:00:01,0001-01-01 00:00:01,0001-01-01 00:00:01,0001-01-01 00:00:31,0.0,0.0,0.0,30.0,30.0,k8s-worker-413,1,1200m,2000Mi,2500Mi,2,2
default-large-test-job-1-large-test-task-13,large-test-job-1,0001-01-01 00:00:01,0001-01-01 00:00:01,0001-01-01 00:00:01,0001-01-01 00:00:31,0.0,0.0,0.0,30.0,30.0,k8s-worker-41,1,1200m,2000Mi,2500Mi,2,2
default-large-test-job-1-large-test-task-14,large-test-job-1,0001-01-01 00:00:01,0001-01-01 00:00:01,0001-01-01 00:00:01,0001-01-01 00:00:31,0.0,0.0,0.0,30.0,30.0,k8s-worker-173,1,1200m,2000Mi,2500Mi,2,2
default-large-test-job-1-large-test-task-15,large-test-job-1,0001-01-01 00:00:01,0001-01-01 00:00:01,0001-01-01 00:00:01,0001-01-01 00:00:31,0.0,0.0,0.0,30.0,30.0,k8s-worker-461,1,1200m,2000Mi,2500Mi,2,2
default-large-test-job-1-large-test-task-16,large-test-job-1,0001-01-01 00:00:01,0001-01-01 00:00:01,0001-01-01 00:00:01,0001-01-01 00:00:31,0.0,0.0,0.0,30.0,30.0,k8s-worker-5,1,1200m,2000Mi,2500Mi,2,2
default-large-test-job-1-large-test-task-17,large-test-job-1,0001-01-01 00:00:01,0001-01-01 00:00:01,0001-01-01 00:00:01,0001-01-01 00:00:31,0.0,0.0,0.0,30.0,30.0,k8s-worker-389,1,1200m,2000Mi,2500Mi,2,2
default-large-test-job-1-large-test-task-18,large-test-job-1,0001-01-01 00:00:01,0001-01-01 00:00:01,0001-01-01 00:00:01,0001-01-01 00:00:31,0.0,0.0,0.0,30.0,30.0,k8s-worker-65,1,1200m,2000Mi,2500Mi,2,2
default-large-test-job-1-large-test-task-19,large-test-job-1,0001-01-01 00:00:01,0001-01-01 00:00:01,0001-01-01 00:00:01,0001-01-01 00:00:31,0.0,0.0,0.0,30.0,30.0,k8s-worker-245,1,1200m,2000Mi,2500Mi,2,2
default-large-test-job-1-large-test-task-2,large-test-job-1,0001-01-01 00:00:01,0001-01-01 00:00:01,0001-01-01 00:00:01,0001-01-01 00:00:31,0.0,0.0,0.0,30.0,30.0,k8s-worker-437,1,1200m,2000Mi,2500Mi,2,2
default-large-test-job-1-large-test-task-20,large-test-job-1,0001-01-01 00:00:01,0001-01-01 00:00:01,0001-01-01 00:00:01,0001-01-01 00:00:31,0.0,0.0,0.0,30.0,30.0,k8s-worker-101,1,1200m,2000Mi,2500Mi,2,2
default-large-test-job-1-large-test-task-21,large-test-job-1,0001-01-01 00:00:01,0001-01-01 00:00:01,0001-01-01 00:00:01,0001-01-01 00:00:31,0.0,0.0,0.0,30.0,30.0,k8s-worker-497,1,1200m,2000Mi,2500Mi,2,2
default-large-test-job-1-large-test-task-22,large-test-job-1,0001-01-01 00:00:01,0001-01-01 00:00:01,0001-01-01 00:00:01,0001-01-01 00:00:31,0.0,0.0,0.0,30.0,30.0,k8s-worker-233,1,1200m,2000Mi,2500Mi,2,2
default-large-test-job-1-large-test-task-23,large-test-job-1,0001-01-01 00:00:01,0001-01-01 00:00:01,0001-01-01 00:00:01,0001-01-01 00:00:31,0.0,0.0,0.0,30.0,30.0,k8s-worker-449,1,1200m,2000Mi,2500Mi,2,2
default-large-test-job-1-large-test-task-24,large-test-job-1,0001-01-01 00:00:01,0001-01-01 00:00:01,0001-01-01 00:00:01,0001-01-01 00:00:31,0.0,0.0,0.0,30.0,30.0,k8s-worker-221,1,1200m,2000Mi,2500Mi,2,2
default-large-test-job-1-large-test-task-25,large-test-job-1,0001-01-01 00:00:01,0001-01-01 00:00:01,0001-01-01 00:00:01,0001-01-01 00:00:45,0.0,0.0,0.0,44.0,44.0,k8s-worker-42,1,1200m,2000Mi,2500Mi,2,2
default-large-test-job-1-large-test-task-26,large-test-job-1,0001-01-01 00:00:01,0001-01-01 00:00:01,0001-01-01 00:00:01,0001-01-01 00:00:47,0.0,0.0,0.0,46.0,46.0,k8s-worker-42,1,1200m,2000Mi,2500Mi,2,2
default-large-test-job-1-large-test-task-27,large-test-job-1,0001-01-01 00:00:01,0001-01-01 00:00:01,0001-01-01 00:00:01,0001-01-01 00:00:45,0.0,0.0,0.0,44.0,44.0,k8s-worker-306,1,1200m,2000Mi,2500Mi,2,2
default-large-test-job-1-large-test-task-28,large-test-job-1,0001-01-01 00:00:01,0001-01-01 00:00:01,0001-01-01 00:00:01,0001-01-01 00:00:47,0.0,0.0,0.0,46.0,46.0,k8s-worker-306,1,1200m,2000Mi,2500Mi,2,2
default-large-test-job-1-large-test-task-29,large-test-job-1,0001-01-01 00:00:01,0001-01-01 00:00:01,0001-01-01 00:00:01,0001-01-01 00:00:45,0.0,0.0,0.0,44.0,44.0,k8s-worker-366,1,1200m,2000Mi,2500Mi,2,2
default-large-test-job-1-large-test-task-3,large-test-job-1,0001-01-01 00:00:01,0001-01-01 00:00:01,0001-01-01 00:00:01,0001-01-01 00:00:31,0.0,0.0,0.0,30.0,30.0,k8s-worker-137,1,1200m,2000Mi,2500Mi,2,2
default-large-test-job-1-large-test-task-30,large-test-job-1,0001-01-01 00:00:01,0001-01-01 00:00:01,0001-01-01 00:00:01,0001-01-01 00:00:47,0.0,0.0,0.0,46.0,46.0,k8s-worker-366,1,1200m,2000Mi,2500Mi,2,2
default-large-test-job-1-large-test-task-31,large-test-job-1,0001-01-01 00:00:01,0001-01-01 00:00:01,0001-01-01 00:00:01,0001-01-01 00:00:45,0.0,0.0,0.0,44.0,44.0,k8s-worker-294,1,1200m,2000Mi,2500Mi,2,2
default-large-test-job-1-large-test-task-32,large-test-job-1,0001-01-01 00:00:01,0001-01-01 00:00:01,0001-01-01 00:00:01,0001-01-01 00:00:47,0.0,0.0,0.0,46.0,46.0,k8s-worker-294,1,1200m,2000Mi,2500Mi,2,2
default-large-test-job-1-large-test-task-33,large-test-job-1,0001-01-01 00:00:01,0001-01-01 00:00:01,0001-01-01 00:00:01,0001-01-01 00:00:45,0.0,0.0,0.0,44.0,44.0,k8s-worker-258,1,1200m,2000Mi,2500Mi,2,2
default-large-test-job-1-large-test-task-34,large-test-job-1,0001-01-01 00:00:01,0001-01-01 00:00:01,0001-01-01 00:00:01,0001-01-01 00:00:47,0.0,0.0,0.0,46.0,46.0,k8s-worker-258,1,1200m,2000Mi,2500Mi,2,2
default-large-test-job-1-large-test-task-35,large-test-job-1,0001-01-01 00:00:01,0001-01-01 00:00:01,0001-01-01 00:00:01,0001-01-01 00:00:45,0.0,0.0,0.0,44.0,44.0,k8s-worker-126,1,1200m,2000Mi,2500Mi,2,2
default-large-test-job-1-large-test-task-36,large-test-job-1,0001-01-01 00:00:01,0001-01-01 00:00:01,0001-01-01 00:00:01,0001-01-01 00:00:47,0.0,0.0,0.0,46.0,46.0,k8s-worker-126,1,1200m,2000Mi,2500Mi,2,2
default-large-test-job-1-large-test-task-37,large-test-job-1,0001-01-01 00:00:01,0001-01-01 00:00:01,0001-01-01 00:00:01,0001-01-01 00:00:45,0.0,0.0,0.0,44.0,44.0,k8s-worker-66,1,1200m,2000Mi,2500Mi,2,2
default-large-test-job-1-large-test-task-38,large-test-job-1,0001-01-01 00:00:01,0001-01-01 00:00:01,0001-01-01 00:00:01,0001-01-01 00:00:47,0.0,0.0,0.0,46.0,46.0,k8s-worker-66,1,1200m,2000Mi,2500Mi,2,2
default-large-test-job-1-large-test-task-39,large-test-job-1,0001-01-01 00:00:01,0001-01-01 00:00:01,0001-01-01 00:00:01,0001-01-01 00:00:45,0.0,0.0,0.0,44.0,44.0,k8s-worker-150,1,1200m,2000Mi,2500Mi,2,2
default-large-test-job-1-large-test-task-4,large-test-job-1,0001-01-01 00:00:01,0001-01-01 00:00:01,0001-01-01 00:00:01,0001-01-01 00:00:31,0.0,0.0,0.0,30.0,30.0,k8s-worker-473,1,1200m,2000Mi,2500Mi,2,2
default-large-test-job-1-large-test-task-40,large-test-job-1,0001-01-01 00:00:01,0001-01-01 00:00:01,0001-01-01 00:00:01,0001-01-01 00:00:47,0.0,0.0,0.0,46.0,46.0,k8s-worker-150,1,1200m,2000Mi,2500Mi,2,2
default-large-test-job-1-large-test-task-41,large-test-job-1,0001-01-01 00:00:01,0001-01-01 00:00:01,0001-01-01 00:00:01,0001-01-01 00:00:45,0.0,0.0,0.0,44.0,44.0,k8s-worker-30,1,1200m,2000Mi,2500Mi,2,2
default-large-test-job-1-large-test-task-42,large-test-job-1,0001-01-01 00:00:01,0001-01-01 00:00:01,0001-01-01 00:00:01,0001-01-01 00:00:47,0.0,0.0,0.0,46.0,46.0,k8s-worker-30,1,1200m,2000Mi,2500Mi,2,2
default-large-test-job-1-large-test-task-43,large-test-job-1,0001-01-01 00:00:01,0001-01-01 00:00:01,0001-01-01 00:00:01,0001-01-01 00:00:45,0.0,0.0,0.0,44.0,44.0,k8s-worker-354,1,1200m,2000Mi,2500Mi,2,2
default-large-test-job-1-large-test-task-44,large-test-job-1,0001-01-01 00:00:01,0001-01-01 00:00:01,0001-01-01 00:00:01,0001-01-01 00:00:47,0.0,0.0,0.0,46.0,46.0,k8s-worker-354,1,1200m,2000Mi,2500Mi,2,2
default-large-test-job-1-large-test-task-45,large-test-job-1,0001-01-01 00:00:01,0001-01-01 00:00:01,0001-01-01 00:00:01,0001-01-01 00:00:45,0.0,0.0,0.0,44.0,44.0,k8s-worker-462,1,1200m,2000Mi,2500Mi,2,2
default-large-test-job-1-large-test-task-46,large-test-job-1,0001-01-01 00:00:01,0001-01-01 00:00:01,0001-01-01 00:00:01,0001-01-01 00:00:47,0.0,0.0,0.0,46.0,46.0,k8s-worker-462,1,1200m,2000Mi,2500Mi,2,2
default-large-test-job-1-large-test-task-47,large-test-job-1,0001-01-01 00:00:01,0001-01-01 00:00:01,0001-01-01 00:00:01,0001-01-01 00:00:45,0.0,0.0,0.0,44.0,44.0,k8s-worker-270,1,1200m,2000Mi,2500Mi,2,2
default-large-test-job-1-large-test-task-48,large-test-job-1,0001-01-01 00:00:01,0001-01-01 00:00:01,0001-01-01 00:00:01,0001-01-01 00:00:47,0.0,0.0,0.0,46.0,46.0,k8s-worker-270,1,1200m,2000Mi,2500Mi,2,2
default-large-test-job-1-large-test-task-49,large-test-job-1,0001-01-01 00:00:01,0001-01-01 00:00:01,0001-01-01 00:00:01,0001-01-01 00:00:45,0.0,0.0,0.0,44.0,44.0,k8s-worker-222,1,1200m,2000Mi,2500Mi,2,2
default-large-test-job-1-large-test-task-5,large-test-job-1,0001-01-01 00:00:01,0001-01-01 00:00:01,0001-01-01 00:00:01,0001-01-01 00:00:31,0.0,0.0,0.0,30.0,30.0,k8s-worker-53,1,1200m,2000Mi,2500Mi,2,2
default-large-test-job-1-large-test-task-50,large-test-job-1,0001-01-01 00:00:01,0001-01-01 00:00:01,0001-01-01 00:00:01,0001-01-01 00:00:47,0.0,0.0,0.0,46.0,46.0,k8s-worker-222,1,1200m,2000Mi,2500Mi,2,2
default-large-test-job-1-large-test-task-51,large-test-job-1,0001-01-01 00:00:01,0001-01-01 00:00:01,0001-01-01 00:00:01,0001-01-01 00:00:45,0.0,0.0,0.0,44.0,44.0,k8s-worker-18,1,1200m,2000Mi,2500Mi,2,2
default-large-test-job-1-large-test-task-52,large-test-job-1,0001-01-01 00:00:01,0001-01-01 00:00:01,0001-01-01 00:00:01,0001-01-01 00:00:47,0.0,0.0,0.0,46.0,46.0,k8s-worker-18,1,1200m,2000Mi,2500Mi,2,2
default-large-test-job-1-large-test-task-53,large-test-job-1,0001-01-01 00:00:01,0001-01-01 00:00:01,0001-01-01 00:00:01,0001-01-01 00:00:45,0.0,0.0,0.0,44.0,44.0,k8s-worker-486,1,1200m,2000Mi,2500Mi,2,2
default-large-test-job-1-large-test-task-54,large-test-job-1,0001-01-01 00:00:01,0001-01-01 00:00:01,0001-01-01 00:00:01,0001-01-01 00:00:47,0.0,0.0,0.0,46.0,46.0,k8s-worker-486,1,1200m,2000Mi,2500Mi,2,2
default-large-test-job-1-large-test-task-55,large-test-job-1,0001-01-01 00:00:01,0001-01-01 00:00:01,0001-01-01 00:00:01,0001-01-01 00:00:45,0.0,0.0,0.0,44.0,44.0,k8s-worker-318,1,1200m,2000Mi,2500Mi,2,2
default-large-test-job-1-large-test-task-56,large-test-job-1,0001-01-01 00:00:01,0001-01-01 00:00:01,0001-01-01 00:00:01,0001-01-01 00:00:47,0.0,0.0,0.0,46.0,46.0,k8s-worker-318,1,1200m,2000Mi,2500Mi,2,2
default-large-test-job-1-large-test-task-57,large-test-job-1,0001-01-01 00:00:01,0001-01-01 00:00:01,0001-01-01 00:00:01,0001-01-01 00:00:45,0.0,0.0,0.0,44.0,44.0,k8s-worker-342,1,1200m,2000Mi,2500Mi,2,2
default-large-test-job-1-large-test-task-58,large-test-job-1,0001-01-01 00:00:01,0001-01-01 00:00:01,0001-01-01 00:00:01,0001-01-01 00:00:47,0.0,0.0,0.0,46.0,46.0,k8s-worker-342,1,1200m,2000Mi,2500Mi,2,2
default-large-test-job-1-large-test-task-59,large-test-job-1,0001-01-01 00:00:01,0001-01-01 00:00:01,0001-01-01 00:00:01,0001-01-01 00:00:45,0.0,0.0,0.0,44.0,44.0,k8s-worker-414,1,1200m,2000Mi,2500Mi,2,2
default-large-test-job-1-large-test-task-6,large-test-job-1,0001-01-01 00:00:01,0001-01-01 00:00:01,0001-01-01 00:00:01,0001-01-01 00:00:31,0.0,0.0,0.0,30.0,30.0,k8s-worker-161,1,1200m,2000Mi,2500Mi,2,2
default-large-test-job-1-large-test-task-60,large-test-job-1,0001-01-01 00:00:01,0001-01-01 00:00:01,0001-01-01 00:00:01,0001-01-01 00:00:47,0.0,0.0,0.0,46.0,46.0,k8s-worker-414,1,1200m,2000Mi,2500Mi,2,2
default-large-test-job-1-large-test-task-61,large-test-job-1,0001-01-01 00:00:01,0001-01-01 00:00:01,0001-01-01 00:00:01,0001-01-01 00:00:45,0.0,0.0,0.0,44.0,44.0,k8s-worker-330,1,1200m,2000Mi,2500Mi,2,2
default-large-test-job-1-large-test-task-62,large-test-job-1,0001-01-01 00:00:01,0001-01-01 00:00:01,0001-01-01 00:00:01,0001-01-01 00:00:47,0.0,0.0,0.0,46.0,46.0,k8s-worker-330,1,1200m,2000Mi,2500Mi,2,2
default-large-test-job-1-large-test-task-63,large-test-job-1,0001-01-01 00:00:01,0001-01-01 00:00:01,0001-01-01 00:00:01,0001-01-01 00:00:45,0.0,0.0,0.0,44.0,44.0,k8s-worker-234,1,1200m,2000Mi,2500Mi,2,2
default-large-test-job-1-large-test-task-64,large-test-job-1,0001-01-01 00:00:01,0001-01-01 00:00:01,0001-01-01 00:00:01,0001-01-01 00:00:47,0.0,0.0,0.0,46.0,46.0,k8s-worker-234,1,1200m,2000Mi,2500Mi,2,2
default-large-test-job-1-large-test-task-65,large-test-job-1,0001-01-01 00:00:01,0001-01-01 00:00:01,0001-01-01 00:00:01,0001-01-01 00:00:45,0.0,0.0,0.0,44.0,44.0,k8s-worker-390,1,1200m,2000Mi,2500Mi,2,2
default-large-test-job-1-large-test-task-66,large-test-job-1,0001-01-01 00:00:01,0001-01-01 00:00:01,0001-01-01 00:00:01,0001-01-01 00:00:47,0.0,0.0,0.0,46.0,46.0,k8s-worker-390,1,1200m,2000Mi,2500Mi,2,2
default-large-test-job-1-large-test-task-67,large-test-job-1,0001-01-01 00:00:01,0001-01-01 00:00:01,0001-01-01 00:00:01,0001-01-01 00:00:45,0.0,0.0,0.0,44.0,44.0,k8s-worker-402,1,1200m,2000Mi,2500Mi,2,2
default-large-test-job-1-large-test-task-68,large-test-job-1,0001-01-01 00:00:01,0001-01-01 00:00:01,0001-01-01 00:00:01,0001-01-01 00:00:47,0.0,0.0,0.0,46.0,46.0,k8s-worker-402,1,1200m,2000Mi,2500Mi,2,2
default-large-test-job-1-large-test-task-69,large-test-job-1,0001-01-01 00:00:01,0001-01-01 00:00:01,0001-01-01 00:00:01,0001-01-01 00:00:45,0.0,0.0,0.0,44.0,44.0,k8s-worker-198,1,1200m,2000Mi,2500Mi,2,2
default-large-test-job-1-large-test-task-7,large-test-job-1,0001-01-01 00:00:01,0001-01-01 00:00:01,0001-01-01 00:00:01,0001-01-01 00:00:31,0.0,0.0,0.0,30.0,30.0,k8s-worker-281,1,1200m,2000Mi,2500Mi,2,2
default-large-test-job-1-large-test-task-70,large-test-job-1,0001-01-01 00:00:01,0001-01-01 00:00:01,0001-01-01 00:00:01,0001-01-01 00:00:47,0.0,0.0,0.0,46.0,46.0,k8s-worker-198,1,1200m,2000Mi,2500Mi,2,2
default-large-test-job-1-large-test-task-71,large-test-job-1,0001-01-01 00:00:01,0001-01-01 00:00:01,0001-01-01 00:00:01,0001-01-01 00:00:45,0.0,0.0,0.0,44.0,44.0,k8s-worker-426,1,1200m,2000Mi,2500Mi,2,2
default-large-test-job-1-large-test-task-72,large-test-job-1,0001-01-01 00:00:01,0001-01-01 00:00:01,0001-01-01 00:00:01,0001-01-01 00:00:47,0.0,0.0,0.0,46.0,46.0,k8s-worker-426,1,1200m,2000Mi,2500Mi,2,2
default-large-test-job-1-large-test-task-73,large-test-job-1,0001-01-01 00:00:01,0001-01-01 00:00:01,0001-01-01 00:00:01,0001-01-01 00:00:45,0.0,0.0,0.0,44.0,44.0,k8s-worker-78,1,1200m,2000Mi,2500Mi,2,2
default-large-test-job-1-large-test-task-74,large-test-job-1,0001-01-01 00:00:01,0001-01-01 00:00:01,0001-01-01 00:00:01,0001-01-01 00:00:47,0.0,0.0,0.0,46.0,46.0,k8s-worker-78,1,1200m,2000Mi,2500Mi,2,2
default-large-test-job-1-large-test-task-75,large-test-job-1,0001-01-01 00:00:01,0001-01-01 00:00:01,0001-01-01 00:00:01,0001-01-01 00:00:45,0.0,0.0,0.0,44.0,44.0,k8s-worker-450,1,1200m,2000Mi,2500Mi,2,2
default-large-test-job-1-large-test-task-76,large-test-job-1,0001-01-01 00:00:01,0001-01-01 00:00:01,0001-01-01 00:00:01,0001-01-01 00:00:47,0.0,0.0,0.0,46.0,46.0,k8s-worker-450,1,1200m,2000Mi,2500Mi,2,2
default-large-test-job-1-large-test-task-77,large-test-job-1,0001-01-01 00:00:01,0001-01-01 00:00:01,0001-01-01 00:00:01,0001-01-01 00:00:45,0.0,0.0,0.0,44.0,44.0,k8s-worker-138,1,1200m,2000Mi,2500Mi,2,2
default-large-test-job-1-large-test-task-78,large-test-job-1,0001-01-01 00:00:01,0001-01-01 00:00:01,0001-01-01 00:00:01,0001-01-01 00:00:47,0.0,0.0,0.0,46.0,46.0,k8s-worker-138,1,1200m,2000Mi,2500Mi,2,2
default-large-test-job-1-large-test-task-79,large-test-job-1,0001-01-01 00:00:01,0001-01-01 00:00:01,0001-01-01 00:00:01,0001-01-01 00:00:47,0.0,0.0,0.0,46.0,46.0,k8s-worker-474,1,1200m,2000Mi,2500Mi,2,2
default-large-test-job-1-large-test-task-8,large-test-job-1,0001-01-01 00:00:01,0001-01-01 00:00:01,0001-01-01 00:00:01,0001-01-01 00:00:31,0.0,0.0,0.0,30.0,30.0,k8s-worker-425,1,1200m,2000Mi,2500Mi,2,2
default-large-test-job-1-large-test-task-80,large-test-job-1,0001-01-01 00:00:01,0001-01-01 00:00:01,0001-01-01 00:00:01,0001-01-01 00:00:45,0.0,0.0,0.0,44.0,44.0,k8s-worker-474,1,1200m,2000Mi,2500Mi,2,2
default-large-test-job-1-large-test-task-81,large-test-job-1,0001-01-01 00:00:01,0001-01-01 00:00:01,0001-01-01 00:00:01,0001-01-01 00:00:45,0.0,0.0,0.0,44.0,44.0,k8s-worker-174,1,1200m,2000Mi,2500Mi,2,2
default-large-test-job-1-large-test-task-82,large-test-job-1,0001-01-01 00:00:01,0001-01-01 00:00:01,0001-01-01 00:00:01,0001-01-01 00:00:47,0.0,0.0,0.0,46.0,46.0,k8s-worker-174,1,1200m,2000Mi,2500Mi,2,2
default-large-test-job-1-large-test-task-83,large-test-job-1,0001-01-01 00:00:01,0001-01-01 00:00:01,0001-01-01 00:00:01,0001-01-01 00:00:45,0.0,0.0,0.0,44.0,44.0,k8s-worker-186,1,1200m,2000Mi,2500Mi,2,2
default-large-test-job-1-large-test-task-84,large-test-job-1,0001-01-01 00:00:01,0001-01-01 00:00:01,0001-01-01 00:00:01,0001-01-01 00:00:47,0.0,0.0,0.0,46.0,46.0,k8s-worker-186,1,1200m,2000Mi,2500Mi,2,2
default-large-test-job-1-large-test-task-85,large-test-job-1,0001-01-01 00:00:01,0001-01-01 00:00:01,0001-01-01 00:00:01,0001-01-01 00:00:45,0.0,0.0,0.0,44.0,44.0,k8s-worker-498,1,1200m,2000Mi,2500Mi,2,2
default-large-test-job-1-large-test-task-86,large-test-job-1,0001-01-01 00:00:01,0001-01-01 00:00:01,0001-01-01 00:00:01,0001-01-01 00:00:47,0.0,0.0,0.0,46.0,46.0,k8s-worker-498,1,1200m,2000Mi,2500Mi,2,2
default-large-test-job-1-large-test-task-87,large-test-job-1,0001-01-01 00:00:01,0001-01-01 00:00:01,0001-01-01 00:00:01,0001-01-01 00:00:45,0.0,0.0,0.0,44.0,44.0,k8s-worker-246,1,1200m,2000Mi,2500Mi,2,2
default-large-test-job-1-large-test-task-88,large-test-job-1,0001-01-01 00:00:01,0001-01-01 00:00:01,0001-01-01 00:00:01,0001-01-01 00:00:47,0.0,0.0,0.0,46.0,46.0,k8s-worker-246,1,1200m,2000Mi,2500Mi,2,2
default-large-test-job-1-large-test-task-89,large-test-job-1,0001-01-01 00:00:01,0001-01-01 00:00:01,0001-01-01 00:00:01,0001-01-01 00:00:45,0.0,0.0,0.0,44.0,44.0,k8s-worker-114,1,1200m,2000Mi,2500Mi,2,2
default-large-test-job-1-large-test-task-9,large-test-job-1,0001-01-01 00:00:01,0001-01-01 00:00:01,0001-01-01 00:00:01,0001-01-01 00:00:31,0.0,0.0,0.0,30.0,30.0,k8s-worker-293,1,1200m,2000Mi,2500Mi,2,2
default-large-test-job-1-large-test-task-90,large-test-job-1,0001-01-01 00:00:01,0001-01-01 00:00:01,0001-01-01 00:00:01,0001-01-01 00:00:47,0.0,0.0,0.0,46.0,46.0,k8s-worker-114,1,1200m,2000Mi,2500Mi,2,2
default-large-test-job-1-large-test-task-91,large-test-job-1,0001-01-01 00:00:01,0001-01-01 00:00:01,0001-01-01 00:00:01,0001-01-01 00:00:45,0.0,0.0,0.0,44.0,44.0,k8s-worker-210,1,1200m,2000Mi,2500Mi,2,2
default-large-test-job-1-large-test-task-92,large-test-job-1,0001-01-01 00:00:01,0001-01-01 00:00:01,0001-01-01 00:00:01,0001-01-01 00:00:47,0.0,0.0,0.0,46.0,46.0,k8s-worker-210,1,1200m,2000Mi,2500Mi,2,2
default-large-test-job-1-large-test-task-93,large-test-job-1,0001-01-01 00:00:01,0001-01-01 00:00:01,0001-01-01 00:00:01,0001-01-01 00:00:45,0.0,0.0,0.0,44.0,44.0,k8s-worker-90,1,1200m,2000Mi,2500Mi,2,2
default-large-test-job-1-large-test-task-94,large-test-job-1,0001-01-01 00:00:01,0001-01-01 00:00:01,0001-01-01 00:00:01,0001-01-01 00:00:47,0.0,0.0,0.0,46.0,46.0,k8s-worker-90,1,1200m,2000Mi,2500Mi,2,2
default-large-test-job-1-large-test-task-95,large-test-job-1,0001-01-01 00:00:01,0001-01-01 00:00:01,0001-01-01 00:00:01,0001-01-01 00:00:45,0.0,0.0,0.0,44.0,44.0,k8s-worker-54,1,1200m,2000Mi,2500Mi,2,2
default-large-test-job-1-large-test-task-96,large-test-job-1,0001-01-01 00:00:01,0001-01-01 00:00:01,0001-01-01 00:00:01,0001-01-01 00:00:47,0.0,0.0,0.0,46.0,46.0,k8s-worker-54,1,1200m,2000Mi,2500Mi,2,2
default-large-test-job-1-large-test-task-97,large-test-job-1,0001-01-01 00:00:01,0001-01-01 00:00:01,0001-01-01 00:00:01,0001-01-01 00:00:45,0.0,0.0,0.0,44.0,44.0,k8s-worker-162,1,1200m,2000Mi,2500Mi,2,2
default-large-test-job-1-large-test-task-98,large-test-job-1,0001-01-01 00:00:01,0001-01-01 00:00:01,0001-01-01 00:00:01,0001-01-01 00:00:47,0.0,0.0,0.0,46.0,46.0,k8s-worker-162,1,1200m,2000Mi,2500Mi,2,2
default-large-test-job-1-large-test-task-99,large-test-job-1,0001-01-01 00:00:01,0001-01-01 00:00:01,0001-01-01 00:00:01,0001-01-01 00:00:43,0.0,0.0,0.0,42.0,42.0,k8s-worker-6,1,1200m,2000Mi,2500Mi,2,2
default-large-test-job-2-large-test-task-0,large-test-job-2,0001-01-01 00:00:01,0001-01-01 00:00:01,0001-01-01 00:00:01,0001-01-01 00:00:43,0.0,0.0,0.0,42.0,42.0,k8s-worker-282,2,2400m,3500Mi,4000Mi,4,4
default-large-test-job-2-large-test-task-1,large-test-job-2,0001-01-01 00:00:01,0001-01-01 00:00:01,0001-01-01 00:00:01,0001-01-01 00:00:43,0.0,0.0,0.0,42.0,42.0,k8s-worker-378,2,2400m,3500Mi,4000Mi,4,4
default-large-test-job-2-large-test-task-10,large-test-job-2,0001-01-01 00:00:01,0001-01-01 00:00:01,0001-01-01 00:00:01,0001-01-01 00:00:43,0.0,0.0,0.0,42.0,42.0,k8s-worker-58,2,2400m,3500Mi,4000Mi,4,4
default-large-test-job-2-large-test-task-11,large-test-job-2,0001-01-01 00:00:01,0001-01-01 00:00:01,0001-01-01 00:00:01,0001-01-01 00:00:43,0.0,0.0,0.0,42.0,42.0,k8s-worker-250,2,2400m,3500Mi,4000Mi,4,4
default-large-test-job-2-large-test-task-12,large-test-job-2,0001-01-01 00:00:01,0001-01-01 00:00:01,0001-01-01 00:00:01,0001-01-01 00:00:43,0.0,0.0,0.0,42.0,42.0,k8s-worker-130,2,2400m,3500Mi,4000Mi,4,4
default-large-test-job-2-large-test-task-13,large-test-job-2,0001-01-01 00:00:01,0001-01-01 00:00:01,0001-01-01 00:00:01,0001-01-01 00:00:43,0.0,0.0,0.0,42.0,42.0,k8s-worker-94,2,2400m,3500Mi,4000Mi,4,4
default-large-test-job-2-large-test-task-14,large-test-job-2,0001-01-01 00:00:01,0001-01-01 00:00:01,0001-01-01 00:00:01,0001-01-01 00:00:43,0.0,0.0,0.0,42.0,42.0,k8s-worker-346,2,2400m,3500Mi,4000Mi,4,4
default-large-test-job-2-large-test-task-15,large-test-job-2,0001-01-01 00:00:01,0001-01-01 00:00:01,0001-01-01 00:00:01,0001-01-01 00:00:43,0.0,0.0,0.0,42.0,42.0,k8s-worker-394,2,2400m,3500Mi,4000Mi,4,4
default-large-test-job-2-large-test-task-16,large-test-job-2,0001-01-01 00:00:01,0001-01-01 00:00:01,0001-01-01 00:00:01,0001-01-01 00:00:43,0.0,0.0,0.0,42.0,42.0,k8s-worker-442,2,2400m,3500Mi,4000Mi,4,4
default-large-test-job-2-large-test-task-17,large-test-job-2,0001-01-01 00:00:01,0001-01-01 00:00:01,0001-01-01 00:00:01,0001-01-01 00:00:43,0.0,0.0,0.0,42.0,42.0,k8s-worker-226,2,2400m,3500Mi,4000Mi,4,4
default-large-test-job-2-large-test-task-18,large-test-job-2,0001-01-01 00:00:01,0001-01-01 00:00:01,0001-01-01 00:00:01,0001-01-01 00:00:43,0.0,0.0,0.0,42.0,42.0,k8s-worker-370,2,2400m,3500Mi,4000Mi,4,4
default-large-test-job-2-large-test-task-19,large-test-job-2,0001-01-01 00:00:01,0001-01-01 00:00:01,0001-01-01 00:00:01,0001-01-01 00:00:43,0.0,0.0,0.0,42.0,42.0,k8s-worker-82,2,2400m,3500Mi,4000Mi,4,4
default-large-test-job-2-large-test-task-2,large-test-job-2,0001-01-01 00:00:01,0001-01-01 00:00:01,0001-01-01 00:00:01,0001-01-01 00:00:43,0.0,0.0,0.0,42.0,42.0,k8s-worker-102,2,2400m,3500Mi,4000Mi,4,4
default-large-test-job-2-large-test-task-20,large-test-job-2,0001-01-01 00:00:01,0001-01-01 00:00:01,0001-01-01 00:00:01,0001-01-01 00:00:43,0.0,0.0,0.0,42.0,42.0,k8s-worker-406,2,2400m,3500Mi,4000Mi,4,4
default-large-test-job-2-large-test-task-21,large-test-job-2,0001-01-01 00:00:01,0001-01-01 00:00:01,0001-01-01 00:00:01,0001-01-01 00:00:43,0.0,0.0,0.0,42.0,42.0,k8s-worker-70,2,2400m,3500Mi,4000Mi,4,4
default-large-test-job-2-large-test-task-22,large-test-job-2,0001-01-01 00:00:01,0001-01-01 00:00:01,0001-01-01 00:00:01,0001-01-01 00:00:43,0.0,0.0,0.0,42.0,42.0,k8s-worker-382,2,2400m,3500Mi,4000Mi,4,4
default-large-test-job-2-large-test-task-23,large-test-job-2,0001-01-01 00:00:01,0001-01-01 00:00:01,0001-01-01 00:00:01,0001-01-01 00:00:43,0.0,0.0,0.0,42.0,42.0,k8s-worker-46,2,2400m,3500Mi,4000Mi,4,4
default-large-test-job-2-large-test-task-24,large-test-job-2,0001-01-01 00:00:01,0001-01-01 00:00:01,0001-01-01 00:00:01,0001-01-01 00:00:43,0.0,0.0,0.0,42.0,42.0,k8s-worker-166,2,2400m,3500Mi,4000Mi,4,4
default-large-test-job-2-large-test-task-25,large-test-job-2,0001-01-01 00:00:01,0001-01-01 00:00:01,0001-01-01 00:00:01,0001-01-01 00:00:43,0.0,0.0,0.0,42.0,42.0,k8s-worker-190,2,2400m,3500Mi,4000Mi,4,4
default-large-test-job-2-large-test-task-26,large-test-job-2,0001-01-01 00:00:01,0001-01-01 00:00:01,0001-01-01 00:00:01,0001-01-01 00:00:43,0.0,0.0,0.0,42.0,42.0,k8s-worker-178,2,2400m,3500Mi,4000Mi,4,4
default-large-test-job-2-large-test-task-27,large-test-job-2,0001-01-01 00:00:01,0001-01-01 00:00:01,0001-01-01 00:00:01,0001-01-01 00:00:43,0.0,0.0,0.0,42.0,42.0,k8s-worker-34,2,2400m,3500Mi,4000Mi,4,4
default-large-test-job-2-large-test-task-28,large-test-job-2,0001-01-01 00:00:01,0001-01-01 00:00:01,0001-01-01 00:00:01,0001-01-01 00:00:43,0.0,0.0,0.0,42.0,42.0,k8s-worker-10,2,2400m,3500Mi,4000Mi,4,4
default-large-test-job-2-large-test-task-29,large-test-job-2,0001-01-01 00:00:01,0001-01-01 00:00:01,0001-01-01 00:00:01,0001-01-01 00:00:43,0.0,0.0,0.0,42.0,42.0,k8s-worker-202,2,2400m,3500Mi,4000Mi,4,4
default-large-test-job-2-large-test-task-3,large-test-job-2,0001-01-01 00:00:01,0001-01-01 00:00:01,0001-01-01 00:00:01,0001-01-01 00:00:43,0.0,0.0,0.0,42.0,42.0,k8s-worker-438,2,2400m,3500Mi,4000Mi,4,4
default-large-test-job-2-large-test-task-30,large-test-job-2,0001-01-01 00:00:01,0001-01-01 00:00:01,0001-01-01 00:00:01,0001-01-01 00:00:43,0.0,0.0,0.0,42.0,42.0,k8s-worker-490,2,2400m,3500Mi,4000Mi,4,4
default-large-test-job-2-large-test-task-31,large-test-job-2,0001-01-01 00:00:01,0001-01-01 00:00:01,0001-01-01 00:00:01,0001-01-01 00:00:43,0.0,0.0,0.0,42.0,42.0,k8s-worker-334,2,2400m,3500Mi,4000Mi,4,4
default-large-test-job-2-large-test-task-32,large-test-job-2,0001-01-01 00:00:01,0001-01-01 00:00:01,0001-01-01 00:00:01,0001-01-01 00:00:43,0.0,0.0,0.0,42.0,42.0,k8s-worker-238,2,2400m,3500Mi,4000Mi,4,4
default-large-test-job-2-large-test-task-33,large-test-job-2,0001-01-01 00:00:01,0001-01-01 00:00:01,0001-01-01 00:00:01,0001-01-01 00:00:43,0.0,0.0,0.0,42.0,42.0,k8s-worker-322,2,2400m,3500Mi,4000Mi,4,4
default-large-test-job-2-large-test-task-34,large-test-job-2,0001-01-01 00:00:01,0001-01-01 00:00:01,0001-01-01 00:00:01,0001-01-01 00:00:43,0.0,0.0,0.0,42.0,42.0,k8s-worker-298,2,2400m,3500Mi,4000Mi,4,4
default-large-test-job-2-large-test-task-35,large-test-job-2,0001-01-01 00:00:01,0001-01-01 00:00:01,0001-01-01 00:00:01,0001-01-01 00:00:43,0.0,0.0,0.0,42.0,42.0,k8s-worker-22,2,2400m,3500Mi,4000Mi,4,4
default-large-test-job-2-large-test-task-36,large-test-job-2,0001-01-01 00:00:01,0001-01-01 00:00:01,0001-01-01 00:00:01,0001-01-01 00:00:43,0.0,0.0,0.0,42.0,42.0,k8s-worker-262,2,2400m,3500Mi,4000Mi,4,4
default-large-test-job-2-large-test-task-37,large-test-job-2,0001-01-01 00:00:01,0001-01-01 00:00:01,0001-01-01 00:00:01,0001-01-01 00:00:43,0.0,0.0,0.0,42.0,42.0,k8s-worker-478,2,2400m,3500Mi,4000Mi,4,4
default-large-test-job-2-large-test-task-38,large-test-job-2,0001-01-01 00:00:01,0001-01-01 00:00:01,0001-01-01 00:00:01,0001-01-01 00:00:43,0.0,0.0,0.0,42.0,42.0,k8s-worker-466,2,2400m,3500Mi,4000Mi,4,4
default-large-test-job-2-large-test-task-39,large-test-job-2,0001-01-01 00:00:01,0001-01-01 00:00:01,0001-01-01 00:00:01,0001-01-01 00:00:43,0.0,0.0,0.0,42.0,42.0,k8s-worker-154,2,2400m,3500Mi,4000Mi,4,4
default-large-test-job-2-large-test-task-4,large-test-job-2,0001-01-01 00:00:01,0001-01-01 00:00:01,0001-01-01 00:00:01,0001-01-01 00:00:43,0.0,0.0,0.0,42.0,42.0,k8s-worker-214,2,2400m,3500Mi,4000Mi,4,4
default-large-test-job-2-large-test-task-40,large-test-job-2,0001-01-01 00:00:01,0001-01-01 00:00:01,0001-01-01 00:00:01,0001-01-01 00:00:43,0.0,0.0,0.0,42.0,42.0,k8s-worker-418,2,2400m,3500Mi,4000Mi,4,4
default-large-test-job-2-large-test-task-41,large-test-job-2,0001-01-01 00:00:01,0001-01-01 00:00:01,0001-01-01 00:00:01,0001-01-01 00:00:43,0.0,0.0,0.0,42.0,42.0,k8s-worker-274,2,2400m,3500Mi,4000Mi,4,4
default-large-test-job-2-large-test-task-42,large-test-job-2,0001-01-01 00:00:01,0001-01-01 00:00:01,0001-01-01 00:00:01,0001-01-01 00:00:43,0.0,0.0,0.0,42.0,42.0,k8s-worker-142,2,2400m,3500Mi,4000Mi,4,4
default-large-test-job-2-large-test-task-43,large-test-job-2,0001-01-01 00:00:01,0001-01-01 00:00:01,0001-01-01 00:00:01,0001-01-01 00:00:43,0.0,0.0,0.0,42.0,42.0,k8s-worker-454,2,2400m,3500Mi,4000Mi,4,4
default-large-test-job-2-large-test-task-44,large-test-job-2,0001-01-01 00:00:01,0001-01-01 00:00:01,0001-01-01 00:00:01,0001-01-01 00:00:43,0.0,0.0,0.0,42.0,42.0,k8s-worker-286,2,2400m,3500Mi,4000Mi,4,4
default-large-test-job-2-large-test-task-45,large-test-job-2,0001-01-01 00:00:01,0001-01-01 00:00:01,0001-01-01 00:00:01,0001-01-01 00:00:43,0.0,0.0,0.0,42.0,42.0,k8s-worker-314,2,2400m,3500Mi,4000Mi,4,4
default-large-test-job-2-large-test-task-46,large-test-job-2,0001-01-01 00:00:01,0001-01-01 00:00:01,0001-01-01 00:00:01,0001-01-01 00:00:43,0.0,0.0,0.0,42.0,42.0,k8s-worker-254,2,2400m,3500Mi,4000Mi,4,4
default-large-test-job-2-large-test-task-47,large-test-job-2,0001-01-01 00:00:01,0001-01-01 00:00:01,0001-01-01 00:00:01,0001-01-01 00:00:43,0.0,0.0,0.0,42.0,42.0,k8s-worker-134,2,2400m,3500Mi,4000Mi,4,4
default-large-test-job-2-large-test-task-48,large-test-job-2,0001-01-01 00:00:01,0001-01-01 00:00:01,0001-01-01 00:00:01,0001-01-01 00:00:43,0.0,0.0,0.0,42.0,42.0,k8s-worker-482,2,2400m,3500Mi,4000Mi,4,4
default-large-test-job-2-large-test-task-49,large-test-job-2,0001-01-01 00:00:01,0001-01-01 00:00:01,0001-01-01 00:00:01,0001-01-01 00:00:43,0.0,0.0,0.0,42.0,42.0,k8s-worker-50,2,2400m,3500Mi,4000Mi,4,4
default-large-test-job-2-large-test-task-5,large-test-job-2,0001-01-01 00:00:01,0001-01-01 00:00:01,0001-01-01 00:00:01,0001-01-01 00:00:43,0.0,0.0,0.0,42.0,42.0,k8s-worker-430,2,2400m,3500Mi,4000Mi,4,4
default-large-test-job-2-large-test-task-6,large-test-job-2,0001-01-01 00:00:01,0001-01-01 00:00:01,0001-01-01 00:00:01,0001-01-01 00:00:43,0.0,0.0,0.0,42.0,42.0,k8s-worker-358,2,2400m,3500Mi,4000Mi,4,4
default-large-test-job-2-large-test-task-7,large-test-job-2,0001-01-01 00:00:01,0001-01-01 00:00:01,0001-01-01 00:00:01,0001-01-01 00:00:43,0.0,0.0,0.0,42.0,42.0,k8s-worker-106,2,2400m,3500Mi,4000Mi,4,4
default-large-test-job-2-large-test-task-8,large-test-job-2,0001-01-01 00:00:01,0001-01-01 00:00:01,0001-01-01 00:00:01,0001-01-01 00:00:43,0.0,0.0,0.0,42.0,42.0,k8s-worker-310,2,2400m,3500Mi,4000Mi,4,4
default-large-test-job-2-large-test-task-9,large-test-job-2,0001-01-01 00:00:01,0001-01-01 00:00:01,0001-01-01 00:00:01,0001-01-01 00:00:43,0.0,0.0,0.0,42.0,42.0,k8s-worker-118,2,2400m,3500Mi,4000Mi,4,4
